Time_Sec,CPU_Percent_Total,Memory_GB
1.0,227.44,0.468
2.0,257.05,0.711
3.0,289.44,0.9798
4.01,260.85,1.1213
5.01,294.03,1.2053
6.01,293.68,1.2549
7.01,296.87,1.3554
8.01,289.44,1.4736
9.01,257.09,1.4973
10.01,264.56,1.6419
11.01,304.25,1.8421
12.01,335.71,2.1549
13.02,348.39,2.2696
14.02,342.53,2.5394
15.02,328.64,2.9892
16.02,327.9,3.3906
17.02,301.43,3.8386
18.02,313.5,4.2239
19.02,304.0,4.5943
20.03,305.94,5.038
21.03,313.82,5.5284
22.03,317.48,5.9095
23.03,306.38,6.2513
24.03,219.47,1.8252
25.03,331.38,2.1902
26.03,348.8,2.353
27.03,335.0,2.6818
28.04,320.12,3.1998
29.04,318.14,3.5323
30.04,310.86,3.9226
31.04,308.84,4.3173
32.04,307.36,4.7083
33.04,306.8,5.2044
34.04,308.28,5.6961
35.04,317.32,6.0417
36.05,285.86,4.4048
37.05,264.51,1.9977
38.05,291.13,1.8263
39.05,338.13,2.0822
40.05,299.17,1.8766
41.05,338.68,2.2119
42.05,350.74,2.4337
43.05,290.25,1.8043
44.06,337.2,2.0299
45.06,357.15,2.2112
46.06,289.09,1.9553
47.06,338.01,2.216
48.06,311.16,1.8505
49.06,315.69,2.0553
50.06,312.13,1.9579
51.07,349.31,2.1757
52.07,299.63,2.0713
53.07,351.43,2.2398
54.07,277.32,2.143
55.07,305.28,2.2559
56.07,283.38,2.1204
57.07,327.44,2.2714
58.07,311.85,1.9887
59.07,302.15,2.1729
60.08,338.71,2.2824
61.08,338.75,2.5063
62.08,305.94,2.762
63.08,249.01,1.9748
64.08,298.99,2.1696
65.08,325.91,2.2689
66.08,340.12,2.5009
67.09,261.64,2.0386
68.09,307.83,2.1944
69.09,363.75,2.3582
70.09,336.91,2.5858
71.09,225.1,2.0033
72.09,299.72,2.1768
73.09,369.56,2.3253
74.09,343.82,2.5409
75.1,262.27,1.9858
76.1,304.57,2.1545
77.1,349.92,2.3013
78.1,277.11,2.0374
79.1,332.59,2.187
80.1,357.2,1.9071
81.1,288.39,2.1546
82.11,338.58,2.276
83.11,273.33,2.0191
84.11,346.37,2.2854
85.11,354.46,2.3838
86.11,352.22,2.5626
87.11,331.42,2.8324
88.11,275.79,3.1448
89.12,177.24,3.4671
90.12,197.68,2.0237
91.12,330.14,2.3107
92.12,357.78,2.4321
93.12,342.33,2.6228
94.12,284.86,2.9232
95.12,234.01,3.2406
96.13,246.2,3.6389
97.13,172.86,4.1765
98.13,204.76,1.9965
99.13,338.19,2.3504
100.13,350.24,2.4674
101.13,327.91,2.6141
102.13,326.37,2.8176
103.13,318.13,3.0481
104.14,283.69,2.0036
105.14,326.04,2.2338
106.14,310.47,2.0168
107.14,361.31,2.2727
108.14,304.77,2.0087
109.14,351.21,2.234
110.14,303.01,2.1096
111.15,368.16,2.3034
112.15,266.81,2.148
113.15,318.62,2.2536
114.15,276.81,2.0746
115.15,299.52,2.2303
116.15,268.27,2.0264
117.15,302.37,2.2012
118.15,286.85,2.0164
119.15,350.57,2.2199
120.16,272.09,2.1336
121.16,319.01,2.4331
122.16,361.34,2.5419
123.16,337.52,1.9302
124.16,290.27,2.2516
125.16,352.59,2.5467
126.16,349.74,2.8998
127.17,253.27,2.0972
128.17,317.69,2.3704
129.17,364.11,2.5371
130.17,332.54,2.8223
131.17,317.29,3.103
132.17,313.01,3.506
133.17,305.48,3.9543
134.17,306.25,4.3956
135.18,307.27,4.8895
136.18,301.78,5.3335
137.18,314.95,5.7479
138.18,302.86,6.1457
139.18,305.53,6.6494
140.18,260.58,7.1102
141.18,224.31,7.1227
142.19,293.92,7.2233
143.19,326.94,7.218
144.19,318.28,7.2199
145.19,304.0,7.2293
146.19,185.48,2.0745
147.19,311.4,2.256
148.19,313.21,2.2028
149.19,321.25,1.9466
150.2,288.94,2.2331
151.2,304.28,2.38
152.2,355.99,2.5575
153.2,330.98,2.7989
154.2,311.99,3.0463
155.2,325.94,3.403
156.2,217.32,3.5491
157.21,165.27,3.624
158.21,108.3,3.6825
159.21,111.85,3.7342
160.21,117.92,3.7726
161.21,114.0,3.8182
162.21,128.73,3.8592
163.21,113.15,3.8924
164.22,114.72,3.9269
165.22,101.09,3.9569
166.22,101.06,3.9886
167.22,100.59,4.0168
168.22,101.8,4.0465
169.22,101.07,4.0774
170.23,100.95,4.1051
171.23,103.79,4.1311
172.23,100.94,4.1557
173.23,101.2,4.1768
174.23,100.74,4.2026
175.23,100.98,4.2268
176.23,101.15,4.2505
177.24,101.02,4.2752
178.24,100.83,4.2999
179.24,100.59,4.3252
180.24,103.38,4.3471
181.24,100.74,4.3694
182.24,100.83,4.3916
183.24,101.18,4.4133
184.25,100.92,4.4347
185.25,101.22,4.456
186.25,100.98,4.4786
187.25,100.6,4.5019
188.25,101.24,4.5232
189.25,102.49,4.5435
190.25,100.58,4.5664
191.26,101.05,4.5864
192.26,100.68,4.6084
193.26,100.95,4.6287
194.26,102.43,4.6469
195.26,100.56,4.6656
196.26,101.14,4.6797
197.26,100.51,4.6885
198.27,100.51,4.6991
199.27,100.41,4.7113
200.27,100.95,4.7276
201.27,110.24,4.7451
202.27,101.2,4.7634
203.27,102.32,4.7769
204.27,100.67,4.791
205.28,101.06,4.8084
206.28,101.41,4.8244
207.28,100.69,4.8396
208.28,101.14,4.8567
209.28,100.67,4.8717
210.28,100.6,4.887
211.28,100.7,4.9026
212.28,101.31,4.9185
213.28,100.58,4.9331
214.29,100.66,4.9491
215.29,101.04,4.9627
216.29,100.91,4.9778
217.29,100.78,4.9926
218.29,108.36,5.0075
219.29,100.67,5.0205
220.29,100.68,5.0366
221.29,101.76,5.0486
222.3,100.89,5.0603
223.3,100.63,5.0735
224.3,101.13,5.0891
225.3,100.48,5.1007
226.3,100.54,5.1129
227.3,100.92,5.1273
228.3,100.7,5.1423
229.31,100.81,5.1549
230.31,101.13,5.1679
231.31,100.75,5.1802
232.31,105.67,5.1907
233.31,101.16,5.2034
234.31,100.57,5.2171
235.31,100.71,5.2284
236.31,101.33,5.2407
237.32,104.56,5.2545
238.32,100.69,5.2682
239.32,101.13,5.2835
240.32,100.54,5.2976
241.32,100.58,5.3114
242.32,101.35,5.324
243.32,100.69,5.3372
244.33,100.68,5.3508
245.33,101.08,5.3654
246.33,100.71,5.3803
247.33,100.93,5.3933
248.33,100.71,5.4063
249.33,100.49,5.4179
250.34,100.88,5.432
251.34,100.55,5.4446
252.34,100.68,5.4596
253.34,100.97,5.473
254.34,100.58,5.4859
255.34,101.17,5.4974
256.34,101.12,5.5092
257.35,100.78,5.5208
258.35,101.37,5.5317
259.35,101.1,5.5453
260.35,100.71,5.5596
261.35,101.17,5.5741
262.35,106.26,5.5876
263.35,101.87,5.5994
264.36,101.08,5.6105
265.36,100.7,5.6215
266.36,100.7,5.6346
267.36,101.06,5.6484
268.36,100.67,5.6616
269.36,100.93,5.6733
270.36,101.05,5.6846
271.36,100.72,5.6967
272.37,100.97,5.7086
273.37,101.19,5.7203
274.37,100.69,5.7311
275.37,100.63,5.7419
276.37,101.09,5.7543
277.37,100.64,5.7659
278.37,101.23,5.7758
279.37,101.1,5.786
280.38,100.67,5.7957
281.38,100.73,5.8062
282.38,101.18,5.8168
283.38,100.67,5.8262
284.38,100.71,5.8335
285.38,101.05,5.8406
286.39,100.73,5.8486
287.39,100.65,5.8569
288.39,101.12,5.8621
289.39,100.68,5.8684
290.39,101.06,5.8746
291.39,100.72,5.8814
292.39,100.83,5.8892
293.4,101.1,5.8958
294.4,100.71,5.9026
295.4,100.68,5.9084
296.4,101.91,5.9141
297.4,100.76,5.9215
298.4,101.16,5.9287
299.4,101.11,5.9378
300.41,100.76,5.9458
301.41,101.08,5.9536
302.41,100.68,5.9616
303.41,100.95,5.9684
304.41,100.7,5.9755
305.41,103.65,5.9816
306.42,101.13,5.9892
307.42,100.47,5.9961
308.42,100.53,6.0034
309.42,100.96,6.0097
310.42,100.58,6.0158
311.42,100.93,6.0229
312.42,100.66,6.0301
313.42,100.45,6.0357
314.43,100.29,6.0415
315.43,100.77,6.0471
316.43,100.41,6.0542
317.43,100.32,6.0606
318.43,100.84,6.0652
319.43,100.45,6.071
320.43,100.36,6.0762
321.43,101.02,6.0813
322.44,100.48,6.0882
323.44,100.42,6.094
324.44,101.07,6.102
325.44,100.46,6.1093
326.44,100.45,6.1164
327.44,100.89,6.1241
328.44,100.38,6.1308
329.45,100.46,6.1367
330.45,100.91,6.1433
331.45,100.48,6.1492
332.45,100.88,6.1566
333.45,100.39,6.164
334.45,102.64,6.1717
335.45,100.5,6.1802
336.45,100.45,6.1881
337.45,100.71,6.1955
338.46,100.24,6.2025
339.46,100.34,6.2101
340.46,100.6,6.2176
341.46,101.12,6.2264
342.46,100.84,6.2341
343.46,100.87,6.2411
344.46,100.54,6.2461
345.47,100.57,6.2515
346.47,100.81,6.2566
347.47,100.5,6.2619
348.47,100.58,6.2682
349.47,101.09,6.2728
350.47,100.52,6.2792
351.47,100.58,6.285
352.47,101.64,6.2914
353.48,100.39,6.2973
354.48,100.44,6.3038
355.48,100.84,6.3104
356.48,100.63,6.3161
357.48,100.78,6.3223
358.48,100.61,6.3292
359.48,101.01,6.3342
360.48,100.49,6.3386
361.49,100.63,6.3434
362.49,101.51,6.3481
363.49,100.73,6.3545
364.49,100.68,6.3594
365.49,101.1,6.3653
366.49,100.82,6.3704
367.49,100.62,6.3758
368.49,101.15,6.3821
369.5,100.51,6.3867
370.5,100.53,6.392
371.5,100.98,6.3981
372.5,100.93,6.403
373.5,100.67,6.4085
374.5,100.88,6.4142
375.51,100.46,6.4203
376.51,100.63,6.4247
377.51,100.83,6.4296
378.51,100.35,6.4347
379.51,103.6,6.4413
380.51,100.93,6.448
381.51,100.63,6.4542
382.51,100.72,6.4605
383.51,100.95,6.4649
384.52,100.49,6.47
385.52,100.48,6.4741
386.52,101.07,6.4789
387.52,100.59,6.4834
388.52,100.61,6.4892
389.52,101.06,6.4936
390.52,100.6,6.4997
391.53,100.57,6.505
392.53,101.15,6.5097
393.53,100.51,6.5148
394.53,100.42,6.5198
395.53,101.01,6.5247
396.53,100.78,6.5295
397.53,100.69,6.5348
398.54,100.98,6.5403
399.54,100.57,6.5451
400.54,100.5,6.551
401.54,100.97,6.5562
402.54,100.8,6.5626
403.54,100.45,6.5674
404.54,104.22,6.5735
405.55,100.69,6.5781
406.55,102.27,6.5831
407.55,100.51,6.5879
408.55,100.61,6.5928
409.55,100.71,6.5968
410.55,101.03,6.6021
411.55,100.56,6.6067
412.55,101.61,6.6124
413.56,101.19,6.6169
414.56,100.7,6.6218
415.56,101.11,6.6267
416.56,100.83,6.6322
417.56,101.37,6.6367
418.56,100.86,6.6413
419.56,101.04,6.6467
420.57,100.76,6.6516
421.57,110.55,6.6579
422.57,101.29,6.6622
423.57,100.73,6.6673
424.57,101.17,6.672
425.57,100.74,6.6773
426.57,100.86,6.6801
427.58,101.17,6.6856
428.58,100.79,6.6912
429.58,100.73,6.6967
430.58,101.14,6.7015
431.58,102.67,6.7071
432.58,104.93,6.7111
433.58,100.75,6.7165
434.59,100.77,6.7213
435.59,101.15,6.7252
436.59,100.87,6.7298
437.59,100.79,6.7342
438.59,101.13,6.7392
439.59,100.71,6.7441
440.59,100.76,6.7484
441.59,173.02,6.9738
442.6,210.84,2.083
443.6,333.71,2.376
444.6,335.65,2.5079
445.6,355.4,2.7206
446.6,347.96,2.9973
447.6,333.05,3.2407
448.6,316.76,3.5657
449.61,310.15,3.9523
450.61,312.74,4.3035
451.61,310.25,4.6398
452.61,325.23,4.9847
453.61,255.31,5.1357
454.61,153.08,5.2172
455.61,102.32,5.2727
456.61,101.15,5.3035
457.62,100.72,5.3266
458.62,109.6,5.354
459.62,105.47,5.3801
460.62,101.0,5.4047
461.62,115.63,5.4281
462.62,101.36,5.4477
463.62,100.69,5.4679
464.63,100.52,5.4864
465.63,100.91,5.5027
466.63,102.83,5.5176
467.63,113.1,5.5331
468.63,105.83,5.5463
469.63,100.57,5.56
470.64,101.15,5.576
471.64,100.82,5.5917
472.64,100.84,5.6062
473.64,103.49,5.6212
474.64,100.97,5.635
475.64,101.17,5.651
476.64,100.8,5.6651
477.65,100.74,5.6797
478.65,101.13,5.6946
479.65,100.73,5.7085
480.65,109.94,5.7223
481.65,101.24,5.7372
482.65,101.03,5.7502
483.65,100.94,5.765
484.66,100.54,5.777
485.66,100.69,5.7882
486.66,101.22,5.7997
487.66,100.88,5.8116
488.66,100.76,5.8234
489.66,101.28,5.8328
490.66,100.77,5.8402
491.67,100.84,5.8529
492.67,101.99,5.8655
493.67,100.57,5.8775
494.67,100.95,5.89
495.67,101.24,5.9016
496.67,101.09,5.9135
497.67,100.66,5.9253
498.68,100.92,5.9365
499.68,100.53,5.9479
500.68,100.54,5.9585
501.68,101.53,5.9694
502.68,100.93,5.9804
503.68,101.12,5.9901
504.68,100.79,5.9983
505.69,100.73,6.0075
506.69,102.77,6.018
507.69,102.8,6.0261
508.69,100.64,6.0343
509.69,100.93,6.0407
510.69,100.37,6.0454
511.69,100.83,6.0501
512.7,100.47,6.0554
513.7,100.74,6.0636
514.7,101.18,6.0735
515.7,100.62,6.0824
516.7,100.69,6.0917
517.7,103.13,6.1027
518.7,100.66,6.1131
519.71,100.53,6.1225
520.71,100.92,6.1299
521.71,100.92,6.138
522.71,101.08,6.1459
523.71,101.16,6.154
524.71,100.69,6.162
525.71,100.64,6.1709
526.71,102.5,6.1758
527.72,100.73,6.1819
528.72,103.82,6.1901
529.72,101.14,6.1968
530.72,109.17,6.2038
531.72,198.23,6.2166
532.73,101.49,6.2216
533.73,101.25,6.2275
534.73,102.89,6.2338
535.73,100.99,6.2399
536.73,100.57,6.2461
537.73,100.97,6.2522
538.73,105.43,6.258
539.74,100.74,6.2648
540.74,100.73,6.271
541.74,101.17,6.2776
542.74,100.96,6.2851
543.74,100.68,6.2928
544.74,101.19,6.3003
545.74,100.75,6.3061
546.75,100.78,6.3124
547.75,101.12,6.319
548.75,101.99,6.3236
549.75,100.58,6.3304
550.75,101.54,6.338
551.75,104.31,6.3466
552.75,100.66,6.3539
553.76,100.86,6.3608
554.76,100.65,6.3667
555.76,101.14,6.3744
556.76,100.78,6.3805
557.76,100.64,6.3859
558.76,106.31,6.3912
559.76,100.64,6.3967
560.77,100.52,6.4009
561.77,100.97,6.4059
562.77,100.89,6.4023
563.77,100.5,6.4082
564.77,100.87,6.4135
565.77,100.46,6.419
566.78,101.1,6.4238
567.78,100.52,6.4292
568.78,100.51,6.4348
569.78,100.9,6.4398
570.78,100.51,6.445
571.78,101.06,6.4502
572.78,100.63,6.4539
573.79,100.47,6.4585
574.79,101.01,6.464
575.79,106.64,6.4703
576.79,115.17,6.4756
577.79,100.98,6.4802
578.79,100.44,6.4843
579.79,100.85,6.4886
580.8,100.64,6.4924
581.8,100.73,6.4974
582.8,101.41,6.5012
583.8,100.75,6.5056
584.8,100.7,6.5106
585.8,100.92,6.5152
586.8,100.75,6.5197
587.81,100.75,6.5241
588.81,101.13,6.5283
589.81,100.73,6.5325
590.81,100.49,6.5371
591.81,101.14,6.5415
592.81,101.16,6.5456
593.82,101.13,6.55
594.82,100.5,6.5545
595.82,100.51,6.5583
596.82,101.02,6.5611
597.82,100.61,6.5656
598.82,101.13,6.5698
599.82,100.88,6.574
600.83,100.66,6.5784
601.83,101.02,6.5823
602.83,102.87,6.5862
603.83,100.7,6.5897
604.83,101.15,6.5936
605.83,100.8,6.5969
606.83,100.86,6.6013
607.84,101.17,6.6043
608.84,100.74,6.6084
609.84,101.17,6.6118
610.84,100.97,6.6159
611.84,101.0,6.6202
612.84,101.26,6.6243
613.84,100.69,6.628
614.85,100.69,6.632
615.85,101.08,6.6354
616.85,100.74,6.6391
617.85,101.09,6.6431
618.85,100.68,6.647
619.85,100.7,6.6508
620.86,101.05,6.6545
621.86,104.29,6.6584
622.86,101.21,6.6617
623.86,100.99,6.6657
624.86,100.65,6.6685
625.86,100.89,6.6716
626.86,100.76,6.6756
627.87,100.7,6.6794
628.87,100.88,6.6832
629.87,100.47,6.6869
630.87,100.47,6.6907
631.87,101.11,6.694
632.87,101.22,6.697
633.88,101.06,6.7006
634.88,100.66,6.7033
635.88,100.58,6.7066
636.88,101.14,6.7106
637.88,100.72,6.7137
638.88,100.6,6.7168
639.88,101.04,6.7196
640.89,105.29,6.7224
641.89,100.64,6.7247
642.89,101.99,6.7285
643.89,100.63,6.7321
644.89,101.08,6.7351
645.89,100.68,6.7381
646.89,101.19,6.7414
647.89,101.2,6.7456
648.9,100.72,6.7493
649.9,100.59,6.753
650.9,100.89,6.7556
651.9,100.61,6.759
652.9,100.92,6.763
653.9,101.15,6.7664
654.9,100.73,6.7695
655.91,100.69,6.7736
656.91,101.13,6.7778
657.91,100.48,6.7824
658.91,100.62,6.7861
659.91,101.04,6.7895
660.91,100.57,6.7934
661.91,100.98,6.7974
662.92,100.71,6.8007
663.92,100.6,6.8043
664.92,100.99,6.8073
665.92,100.64,6.8102
666.92,100.67,6.813
667.92,101.09,6.816
668.93,100.29,6.8185
669.93,100.75,6.8208
670.93,100.33,6.8228
671.93,100.7,6.826
672.93,101.11,6.8287
673.93,100.5,6.832
674.93,100.48,6.8351
675.94,101.08,6.8381
676.94,100.73,6.8417
677.94,100.68,6.8451
678.94,100.99,6.848
679.94,100.47,6.8516
680.94,100.49,6.8557
681.94,101.07,6.8585
682.94,100.79,6.861
683.95,100.72,6.8629
684.95,101.09,6.8652
685.95,100.7,6.8678
686.95,101.25,6.8706
687.95,100.68,6.8739
688.95,100.68,6.8773
689.96,101.04,6.8806
690.96,100.66,6.8837
691.96,100.71,6.8865
692.96,101.07,6.8892
693.96,100.58,6.8925
694.96,100.89,6.8952
695.96,100.41,6.8986
696.97,100.57,6.9015
697.97,100.51,6.9051
698.97,100.92,6.9069
699.97,100.56,6.9091
700.97,100.9,6.9117
701.97,100.6,6.9144
702.97,100.71,6.9171
703.98,100.89,6.9199
704.98,100.39,6.9224
705.98,100.48,6.9251
706.98,100.83,6.9282
707.98,100.61,6.9315
708.98,101.09,6.9342
709.98,100.53,6.9368
710.99,100.53,6.9391
711.99,148.97,7.1144
712.99,100.83,7.1144
713.99,100.47,7.1145
714.99,100.87,7.1145
715.99,100.9,7.1145
716.99,100.42,7.1145
717.99,100.93,7.1145
719.0,100.46,7.1145
720.0,100.52,7.1145
721.0,101.03,7.1145
722.0,100.62,7.1145
723.0,100.92,7.1145
724.0,101.12,7.1145
725.0,100.72,7.1145
726.01,100.74,7.1145
727.01,101.14,7.1145
728.01,100.75,7.1145
729.01,100.7,7.1146
730.01,101.13,7.1146
731.01,100.75,7.1146
732.01,100.7,7.1166
733.02,101.22,7.1166
734.02,100.63,7.1166
735.02,101.09,7.1166
736.02,100.72,7.1165
737.02,100.57,7.1165
738.02,104.34,7.1165
739.02,100.58,7.1166
740.03,100.74,7.1165
741.03,100.77,7.1166
742.03,101.13,7.1166
743.03,100.9,7.1166
744.03,100.7,7.1166
745.03,100.98,7.1166
746.03,100.87,7.1166
747.03,101.12,7.1166
748.04,100.72,7.1166
749.04,100.7,7.1166
750.04,101.17,7.1165
751.04,100.76,7.1166
752.04,100.69,7.1166
753.04,101.56,7.1165
754.04,102.57,7.1167
755.05,100.72,7.1165
756.05,101.24,7.1167
757.05,100.71,7.1167
758.05,100.76,7.1167
759.05,101.09,7.1167
760.05,100.7,7.1167
761.05,100.78,7.1167
762.05,100.79,7.1166
763.05,101.99,7.1167
764.06,100.58,7.1167
765.06,100.7,7.1167
766.06,101.09,7.1167
767.06,100.47,7.1167
768.06,100.55,7.1167
769.06,100.92,7.1167
770.07,100.63,7.1167
771.07,101.18,7.1167
772.07,100.71,7.1167
773.07,100.88,7.1167
774.07,101.06,7.1167
775.07,100.72,7.1167
776.07,100.78,7.1167
777.07,101.21,7.1167
778.08,100.66,7.1166
779.08,100.61,7.1166
780.08,101.1,7.1166
781.08,100.73,7.1167
782.08,100.65,7.1167
783.08,101.24,7.1167
784.08,100.63,7.1167
785.09,100.54,7.1167
786.09,100.97,7.1167
787.09,100.64,7.1167
788.09,101.0,7.1167
789.09,100.51,7.1166
790.09,100.51,7.1166
791.1,101.33,7.1168
792.1,100.63,7.1168
793.1,101.03,7.1168
794.1,100.61,7.1166
795.1,100.5,7.1168
796.1,100.96,7.1168
797.1,100.48,7.1168
798.11,100.49,7.1168
799.11,100.87,7.1168
800.11,100.67,7.1168
801.11,101.19,7.1168
802.11,100.68,7.1167
803.11,100.85,7.1168
804.12,101.13,7.1168
805.12,100.72,7.1168
806.12,100.76,7.1168
807.12,101.1,7.1168
808.12,100.67,7.1168
809.12,101.09,7.1168
810.12,100.63,7.1168
811.13,100.61,7.1168
812.13,101.04,7.1168
813.13,100.76,7.1168
814.13,100.69,7.1168
815.13,101.1,7.1168
816.13,101.02,7.1168
817.13,100.66,7.1168
818.14,101.27,7.1168
819.14,100.85,7.1168
820.14,101.1,7.1167
821.14,100.89,7.1167
822.14,100.73,7.1169
823.14,101.46,7.1167
824.15,100.74,7.1169
825.15,101.17,7.1168
826.15,100.79,7.1168
827.15,100.75,7.1167
828.15,101.06,7.1167
829.15,100.74,7.1168
830.15,100.65,7.117
831.15,101.1,7.117
832.16,100.6,7.117
833.16,100.76,7.117
834.16,101.06,7.117
835.16,136.85,7.117
836.16,225.55,7.1169
837.16,104.0,7.1169
838.17,100.64,7.1169
839.17,100.79,7.1168
840.17,101.12,7.117
841.17,269.52,7.117
842.17,280.99,7.1191
843.17,213.62,7.1191
844.17,105.77,7.1191
845.18,207.57,7.1423
846.18,116.54,2.0687
847.18,310.76,2.2964
848.18,315.15,2.4866
849.18,357.1,2.7267
850.18,345.15,3.0115
851.18,337.81,3.2056
852.18,319.93,3.5021
853.19,317.25,3.8707
854.19,310.84,4.2293
855.19,306.39,4.5594
856.19,314.3,4.8181
857.19,271.94,5.2191
858.19,262.15,5.7165
859.19,255.77,6.191
860.2,259.17,6.6613
861.2,196.58,7.1694
862.2,174.6,7.1694
863.2,141.0,7.1694
864.2,106.58,7.2697
865.2,136.19,7.2715
866.2,166.87,2.1086
867.2,302.04,2.2674
868.2,355.05,2.4678
869.21,285.46,2.1263
870.21,348.26,2.3696
871.21,279.59,2.096
872.21,333.44,2.3923
873.21,322.55,2.6308
874.21,335.14,2.803
875.21,348.09,3.0393
876.21,321.07,3.3404
877.22,310.06,3.629
878.22,216.13,3.9001
879.22,192.07,2.0935
880.22,321.69,2.302
881.22,366.09,2.5191
882.22,335.55,2.7834
883.22,340.41,2.9636
884.23,271.89,2.1796
885.23,306.11,2.3141
886.23,355.43,2.5128
887.26,294.81,2.1689
888.26,354.8,2.3714
889.26,317.34,2.0723
890.26,298.06,2.2728
891.26,358.11,2.4471
892.26,314.02,2.0732
893.27,303.59,2.2622
894.27,340.6,2.3948
895.27,351.19,2.5922
896.27,270.68,2.2138
897.27,314.98,2.3401
898.27,353.68,2.564
899.27,254.09,2.0939
900.27,301.2,2.2647
901.28,349.44,2.4334
902.28,344.34,2.6636
903.28,204.6,2.1079
904.28,313.66,2.2844
905.28,357.83,2.4722
906.28,265.05,2.1198
907.28,334.57,2.3169
908.29,362.04,2.443
909.29,269.84,2.1343
910.29,342.68,2.3317
911.29,358.31,2.4628
912.29,275.86,2.1999
913.29,354.45,2.387
914.29,315.95,2.0867
915.29,319.6,2.289
916.3,374.33,2.3978
917.3,267.28,2.1118
918.3,329.64,2.3156
919.3,247.05,2.1342
920.3,343.53,2.3522
921.3,293.8,2.1137
922.3,305.54,2.2883
923.31,349.59,2.4683
924.31,321.82,2.6467
925.31,259.57,2.2409
926.31,309.12,2.3632
927.31,341.57,2.6095
928.31,240.42,2.1308
929.31,304.4,2.3023
930.31,357.98,2.5131
931.31,288.18,2.0876
932.32,311.3,2.2976
933.32,371.06,2.5742
934.32,263.57,2.1893
935.32,319.08,2.3362
936.32,343.34,2.5635
937.32,263.77,2.2184
938.32,348.26,2.4542
939.33,271.0,2.119
940.33,350.26,2.3592
941.33,307.65,2.0943
942.33,298.69,2.2884
943.33,319.52,2.4271
944.33,326.46,2.7308
945.33,289.19,2.099
946.33,327.3,2.3237
947.33,313.87,2.665
948.34,332.8,2.8849
949.34,351.53,3.0167
950.34,318.95,3.1449
951.34,325.4,3.3538
952.34,240.93,3.5818
953.34,301.39,3.8911
954.34,157.51,3.9957
955.35,221.31,4.1889
956.35,312.64,4.4223
957.35,234.96,2.1538
958.35,338.9,2.44
959.35,257.94,2.8111
960.35,292.45,2.9188
961.35,348.54,3.0591
962.35,315.9,3.2407
963.36,289.36,3.427
964.36,184.07,3.5688
965.36,306.62,3.6555
966.36,308.42,3.9152
967.36,167.27,3.9809
968.36,207.57,4.1506
969.36,307.23,4.4031
970.37,320.25,4.7541
971.37,304.91,5.3065
972.37,217.88,2.1205
973.37,328.21,2.3935
974.37,303.13,2.7171
975.37,356.02,2.8566
976.37,353.09,3.1645
977.37,334.57,3.5891
978.38,312.92,3.9716
979.38,313.26,4.3733
980.38,310.4,4.7709
981.38,304.93,5.1959
982.38,302.39,5.5758
983.38,302.79,5.9434
984.38,306.33,6.3676
985.39,306.49,6.7659
986.39,322.3,7.2474
987.39,303.5,7.3
988.39,303.14,7.4058
989.39,300.27,7.4071
990.39,302.52,7.4073
991.39,311.88,7.4077
992.4,207.91,7.4011
993.4,149.72,7.4012
994.4,150.49,7.4014
995.4,125.37,7.4015
996.4,164.62,7.4015
997.4,137.36,7.3909
998.4,248.11,7.6788
999.41,160.96,7.7503
1000.41,102.87,7.7503
1001.41,100.98,7.7505
1002.41,119.08,7.7505
1003.41,120.55,7.7503
1004.41,186.95,7.7505
1005.41,154.25,7.7546
1006.42,134.85,7.7546
1007.42,142.91,7.7546
1008.42,107.26,7.7546
1009.42,211.96,7.7548
1010.42,244.98,7.7549
1011.42,120.93,7.7549
1012.42,272.43,7.7625
1013.43,287.77,7.7654
1014.43,253.63,8.1768
1015.43,284.52,6.368
1016.43,209.53,2.1939
1017.43,328.3,2.526
1018.43,300.49,2.8287
1019.43,343.72,2.9526
1020.43,342.72,3.1088
1021.44,336.91,3.3465
1022.44,299.05,3.5729
1023.44,298.83,3.8406
1024.44,191.92,3.9812
1025.44,185.12,4.1311
1026.44,288.56,4.3109
1027.44,299.41,4.5595
1028.45,225.57,5.126
1029.45,269.49,5.7029
1030.45,299.35,6.3281
1031.45,135.84,6.9299
1032.45,175.92,7.3244
1033.45,101.61,7.4246
1034.45,101.09,7.4246
1035.46,103.79,7.4246
1036.46,101.46,7.4246
1037.46,108.26,7.4246
1038.46,103.34,7.4247
1039.46,139.16,7.6978
1040.46,100.97,7.6978
1041.46,100.6,7.6978
1042.47,100.55,7.6978
1043.47,101.93,7.6978
1044.47,100.57,7.6978
1045.47,112.54,7.6978
1046.47,135.96,7.6979
1047.47,100.72,7.6979
1048.47,100.54,7.6979
1049.47,100.96,7.698
1050.48,100.71,7.698
1051.48,100.54,7.6979
1052.48,101.14,7.6979
1053.48,130.47,7.6987
1054.48,100.55,7.6987
1055.48,100.96,7.6987
1056.49,100.61,7.6987
1057.49,100.92,7.6987
1058.49,100.81,7.6987
1059.49,100.51,7.6987
1060.49,130.96,7.6987
1061.49,110.85,7.6987
1062.49,100.59,7.6987
1063.5,100.85,7.6987
1064.5,103.09,7.6987
1065.5,100.47,7.6987
1066.5,101.02,7.6987
1067.5,100.65,7.6988
1068.5,140.15,7.9248
1069.5,100.94,7.9247
1070.5,100.7,7.9247
1071.51,100.8,7.9247
1072.51,101.57,7.9248
1073.51,100.71,7.9248
1074.51,100.77,7.9248
1075.51,101.11,8.2943
1076.51,143.44,8.723
1077.51,133.93,8.8297
1078.52,101.08,8.8297
1079.52,100.7,8.8297
1080.52,100.71,8.8297
1081.52,101.2,8.8297
1082.52,101.03,8.8297
1083.52,100.85,8.8297
1084.52,101.19,8.8297
1085.53,101.89,8.8317
1086.53,100.84,8.8317
1087.53,101.11,8.8317
1088.53,100.74,8.8317
1089.53,101.13,8.8317
1090.53,100.7,8.8318
1091.53,100.58,8.8318
1092.53,101.35,8.8318
1093.54,102.93,8.8318
1094.54,101.78,8.8322
1095.54,101.0,8.8322
1096.54,100.69,8.8322
1097.54,100.69,8.8322
1098.54,101.16,8.8324
1099.54,100.72,8.8324
1100.55,100.69,8.8324
1101.55,102.92,8.834
1102.55,100.77,8.834
1103.55,101.11,8.834
1104.55,100.66,8.834
1105.55,100.76,8.834
1106.56,101.12,8.834
1107.56,100.73,8.834
1108.56,100.65,8.834
1109.56,102.21,8.8346
1110.56,100.67,8.8346
1111.56,101.08,8.8346
1112.56,100.94,8.8346
1113.57,100.73,8.8346
1114.57,100.99,8.8346
1115.57,100.68,8.8346
1116.57,100.73,8.8346
1117.57,101.75,8.8356
1118.57,100.94,8.8356
1119.58,101.09,8.8356
1120.58,100.74,8.8356
1121.58,100.77,8.8356
1122.58,101.33,8.8356
1123.58,100.73,8.8356
1124.58,100.72,8.8356
1125.58,102.02,8.8364
1126.58,100.95,8.8364
1127.59,100.94,8.8364
1128.59,101.12,8.8364
1129.59,100.78,8.8364
1130.59,100.72,8.8364
1131.59,101.19,8.8364
1132.59,101.18,8.8364
1133.59,100.72,8.8364
1134.6,102.47,8.837
1135.6,100.7,8.837
1136.6,101.18,8.837
1137.6,100.75,8.8369
1138.6,100.72,8.8369
1139.6,101.11,8.8369
1140.61,100.73,8.8369
1141.61,101.26,8.8369
1142.61,102.5,8.8373
1143.61,100.53,8.8373
1144.61,100.92,8.8373
1145.61,100.51,8.8373
1146.61,101.1,8.8373
1147.62,100.76,8.8373
1148.62,100.76,8.8373
1149.62,101.15,8.8373
1150.62,100.76,8.8374
1151.62,101.93,8.8378
1152.62,101.14,8.8378
1153.63,100.63,8.8378
1154.63,101.06,8.8379
1155.63,100.58,8.8381
1156.63,100.61,8.8381
1157.63,101.03,8.8381
1158.63,100.41,8.8381
1159.63,101.78,8.8383
1160.64,101.01,8.8383
1161.64,100.75,8.8383
1162.64,100.95,8.8382
1163.64,100.77,8.8382
1164.64,100.31,8.8382
1165.64,100.82,8.8384
1166.64,100.68,8.8382
1167.65,100.72,8.8382
1168.65,101.52,8.8393
1169.65,100.52,8.8394
1170.65,100.52,8.8394
1171.65,100.97,8.8395
1172.65,101.26,8.8395
1173.65,101.14,8.8395
1174.66,100.67,8.8395
1175.66,100.73,8.8394
1176.66,102.36,8.8396
1177.66,101.19,8.8396
1178.66,100.67,8.8396
1179.66,101.01,8.8396
1180.67,100.7,8.8396
1181.67,100.95,8.8396
1182.67,100.64,8.8397
1183.67,100.37,8.8397
1184.67,101.72,8.8405
1185.67,100.87,8.8405
1186.67,100.38,8.8405
1187.68,100.85,8.8405
1188.68,100.35,8.8404
1189.68,100.35,8.8404
1190.68,100.65,8.8404
1191.68,100.9,8.8405
1192.68,101.84,8.8407
1193.69,100.54,8.8408
1194.69,100.8,8.8406
1195.69,100.49,8.8406
1196.69,100.65,8.8406
1197.69,101.19,8.8409
1198.69,100.64,8.8409
1199.69,100.54,8.8408
1200.7,102.19,8.8413
1201.7,100.52,8.8413
1202.7,100.87,8.8413
1203.7,101.02,8.8413
1204.7,100.7,8.8414
1205.7,100.93,8.8413
1206.7,100.81,8.8413
1207.71,100.54,8.8413
1208.71,101.02,8.8412
1209.71,101.78,8.8528
1210.71,101.05,8.8529
1211.71,100.8,8.853
1212.71,100.88,8.8529
1213.71,100.95,8.8529
1214.72,100.66,8.8529
1215.72,100.58,8.8529
1216.72,146.72,8.8531
1217.72,204.37,8.8549
1218.72,122.82,8.8553
1219.72,101.04,8.8553
1220.73,104.52,8.8553
1221.73,104.37,8.8553
1222.73,101.57,8.8553
1223.73,100.69,8.8553
1224.73,101.08,8.8553
1225.73,100.67,8.8553
1226.73,100.76,8.8553
1227.74,101.1,8.8553
1228.74,100.7,8.8552
1229.74,101.09,8.8552
1230.74,100.68,8.8552
1231.74,100.7,8.8552
1232.74,101.18,8.8553
1233.74,100.66,8.8554
1234.75,100.56,8.8553
1235.75,101.06,8.8553
1236.75,100.72,8.8554
1237.75,101.13,8.8554
1238.75,100.67,8.8554
1239.75,100.71,8.8553
1240.75,101.07,8.8554
1241.76,100.71,8.8555
1242.76,102.41,8.8554
1243.76,101.08,8.8554
1244.76,103.18,8.8553
1245.76,100.66,8.8553
1246.76,101.11,8.8554
1247.76,100.67,8.8554
1248.77,100.48,8.8554
1249.77,100.85,8.8554
1250.77,100.58,8.8554
1251.77,101.11,8.8556
1252.77,101.9,8.8556
1253.77,100.69,8.8556
1254.78,101.08,8.8556
1255.78,100.67,8.8556
1256.78,100.97,8.8556
1257.78,101.1,8.8556
1258.78,100.69,8.8556
1259.78,100.68,8.8556
1260.78,101.04,8.8556
1261.79,100.8,8.8556
1262.79,101.46,8.8556
1263.79,100.45,8.8556
1264.79,100.47,8.8555
1265.79,100.9,8.8555
1266.79,100.95,8.8555
1267.79,100.75,8.8556
1268.8,101.07,8.8556
1269.8,100.7,8.8556
1270.8,101.09,8.8556
1271.8,100.93,8.8555
1272.8,101.15,8.8555
1273.8,101.06,8.8556
1274.8,100.6,8.8555
1275.81,100.64,8.8556
1276.81,101.64,8.8556
1277.81,100.68,8.8556
1278.81,100.65,8.8556
1279.81,101.09,8.8555
1280.81,100.68,8.8557
1281.82,101.04,8.8555
1282.82,101.44,8.8554
1283.82,100.45,8.8554
1284.82,100.97,8.8556
1285.82,100.68,8.8557
1286.82,101.85,8.8556
1287.82,100.64,8.8556
1288.83,100.56,8.8556
1289.83,101.05,8.8555
1290.83,100.64,8.8556
1291.83,100.73,8.8556
1292.83,101.23,8.8556
1293.83,100.69,8.8556
1294.83,101.08,8.8557
1295.84,100.67,8.8557
1296.84,100.67,8.8557
1297.84,101.07,8.8556
1298.84,100.52,8.8556
1299.84,100.46,8.8556
1300.84,101.13,8.8556
1301.84,100.72,8.8556
1302.85,100.79,8.8556
1303.85,101.1,8.8556
1304.85,100.66,8.8556
1305.85,100.66,8.8556
1306.85,101.16,8.8556
1307.85,100.61,8.8556
1308.85,100.44,8.8557
1309.85,100.88,8.8555
1310.86,100.48,8.8555
1311.86,100.71,8.8555
1312.86,101.13,8.8555
1313.86,100.44,8.8557
1314.86,100.69,8.8558
1315.86,100.68,8.8558
1316.86,101.13,8.8558
1317.87,100.68,8.8558
1318.87,101.12,8.8558
1319.87,100.71,8.8557
1320.87,100.69,8.8558
1321.87,101.21,8.8558
1322.87,100.92,8.8558
1323.87,100.72,8.8558
1324.87,100.65,8.8558
1325.88,100.88,8.8558
1326.88,100.53,8.8557
1327.88,100.54,8.8557
1328.88,100.88,8.8557
1329.88,100.6,8.8558
1330.88,100.83,8.8556
1331.88,100.69,8.8557
1332.89,100.8,8.8559
1333.89,103.01,8.8559
1334.89,100.5,8.8559
1335.89,100.81,8.8557
1336.89,100.34,8.8558
1337.89,100.33,8.8558
1338.9,100.7,8.8557
1339.9,100.51,8.8557
1340.9,100.9,8.8558
1341.9,102.44,8.8558
1342.9,100.62,8.8557
1343.9,100.58,8.8558
1344.9,100.95,8.8558
1345.9,100.54,8.8559
1346.91,100.59,8.8558
1347.91,100.9,8.8558
1348.91,100.79,8.8558
1349.91,100.55,8.8557
1350.91,100.62,8.8558
1351.91,100.99,8.8558
1352.91,100.77,8.8559
1353.91,100.97,8.8558
1354.92,100.53,8.8558
1355.92,100.59,8.8558
1356.92,101.06,8.8558
1357.92,101.14,8.8558
1358.92,100.64,8.8558
1359.92,101.09,8.8558
1360.93,100.64,8.8558
1361.93,101.09,8.8558
1362.93,100.76,8.8558
1363.93,100.53,8.8558
1364.93,101.01,8.8558
1365.93,100.73,8.8558
1366.93,100.72,8.8557
1367.94,101.06,8.8557
1368.94,100.58,8.8557
1369.94,100.63,8.8558
1370.94,101.02,8.8558
1371.94,100.56,8.8559
1372.94,100.8,8.8559
1373.94,101.06,8.8559
1374.95,100.68,8.8559
1375.95,101.04,8.8559
1376.95,100.73,8.8559
1377.95,100.7,8.8559
1378.95,101.09,8.8558
1379.95,100.63,8.8558
1380.95,100.64,8.8558
1381.95,101.11,8.8559
1382.96,100.59,8.8559
1383.96,100.48,8.8559
1384.96,100.87,8.8559
1385.96,100.65,8.8559
1386.96,100.67,8.8558
1387.96,101.42,8.8558
1388.96,100.5,8.8558
1389.97,100.49,8.8558
1390.97,100.91,8.8558
1391.97,100.66,8.8558
1392.97,100.85,8.856
1393.97,101.08,8.856
1394.97,100.66,8.856
1395.97,100.74,8.856
1396.98,100.94,8.856
1397.98,100.64,8.856
1398.98,100.65,8.856
1399.98,101.07,8.856
1400.98,100.72,8.856
1401.98,100.68,8.8559
1402.98,101.18,8.856
1403.99,100.68,8.856
1404.99,101.08,8.856
1405.99,100.72,8.856
1406.99,100.71,8.856
1407.99,101.1,8.856
1408.99,100.67,8.856
1409.99,100.66,8.856
1411.0,101.15,8.856
1412.0,100.64,8.8559
1413.0,101.19,8.856
1414.0,100.66,8.856
1415.0,100.68,8.8559
1416.0,101.13,8.8559
1417.0,100.66,8.8559
1418.01,100.74,8.8559
1419.01,100.85,8.8561
1420.01,100.45,8.8561
1421.01,100.53,8.8561
1422.01,100.93,8.8561
1423.01,100.58,8.8561
1424.01,100.67,8.8561
1425.02,100.92,8.8561
1426.02,100.43,8.8562
1427.02,101.04,8.8562
1428.02,100.42,8.8562
1429.02,100.35,8.8562
1430.02,100.79,8.8562
1431.02,100.36,8.8562
1432.03,100.4,8.8562
1433.03,101.01,8.8562
1434.03,100.52,8.8562
1435.03,100.7,8.8562
1436.03,101.07,8.8562
1437.03,100.48,8.8562
1438.03,100.45,8.8562
1439.03,100.84,8.8562
1440.04,100.45,8.8562
1441.04,100.5,8.8561
1442.04,100.89,8.8561
1443.04,100.72,8.8561
1444.04,100.57,8.8561
1445.04,101.03,8.8561
1446.04,100.67,8.8561
1447.05,100.43,8.8561
1448.05,100.98,8.8561
1449.05,100.64,8.8561
1450.05,100.6,8.8561
1451.05,100.75,8.8561
1452.05,101.0,8.8561
1453.05,100.59,8.8561
1454.05,100.41,8.8561
1455.06,100.86,8.856
1456.06,100.75,8.8561
1457.06,100.49,8.8561
1458.06,100.86,8.8561
1459.06,100.53,8.8561
1460.06,100.57,8.8561
1461.06,101.08,8.8561
1462.07,100.51,8.8561
1463.07,100.99,8.8561
1464.07,100.47,8.8561
1465.07,100.54,8.8561
1466.07,101.06,8.8561
1467.07,100.56,8.8561
1468.07,100.47,8.8561
1469.08,100.87,8.8562
1470.08,100.62,8.8561
1471.08,101.03,8.8561
1472.08,100.72,8.8562
1473.08,100.73,8.8562
1474.08,100.49,8.8562
1475.08,100.83,8.8562
1476.09,100.48,8.8562
1477.09,100.82,8.8562
1478.09,100.54,8.8562
1479.09,100.6,8.8562
1480.09,100.96,8.8562
1481.09,100.47,8.8563
1482.09,100.46,8.8562
1483.1,100.96,8.8562
1484.1,100.45,8.8563
1485.1,100.84,8.8563
1486.1,100.63,8.8562
1487.1,100.51,8.8563
1488.1,100.44,8.8563
1489.1,100.89,8.8564
1490.1,100.37,8.8564
1491.11,100.42,8.8564
1492.11,100.87,8.8564
1493.11,100.46,8.8563
1494.11,100.37,8.8563
1495.11,100.73,8.8563
1496.11,100.39,8.8563
1497.11,100.46,8.8563
1498.12,100.88,8.8563
1499.12,100.56,8.8563
1500.12,100.56,8.8563
1501.12,101.0,8.8563
1502.12,100.5,8.8563
1503.12,101.05,8.8563
1504.12,100.35,8.8563
1505.13,100.32,8.8563
1506.13,100.81,8.8564
1507.13,100.28,8.8564
1508.13,100.46,8.8564
1509.13,100.87,8.8564
1510.13,100.56,8.8564
1511.14,100.9,8.8565
1512.14,100.55,8.8565
1513.14,101.07,8.8565
1514.14,100.59,8.8565
1515.14,100.58,8.8565
1516.14,101.02,8.8565
1517.15,100.58,8.8565
1518.15,101.0,8.8565
1519.15,100.58,8.8565
1520.15,100.57,8.8565
1521.15,101.03,8.8565
1522.15,100.62,8.8565
1523.15,100.74,8.8564
1524.15,100.57,8.8565
1525.16,100.89,8.8565
1526.16,100.57,8.8564
1527.16,100.99,8.8565
1528.16,100.52,8.8565
1529.16,100.57,8.8565
1530.16,100.64,8.8565
1531.17,100.84,8.8565
1532.17,100.52,8.8565
1533.17,100.99,8.8564
1534.17,100.54,8.8564
1535.17,100.85,8.8564
1536.17,100.47,8.8564
1537.17,100.48,8.8564
1538.17,101.11,8.8564
1539.18,100.69,8.8564
1540.18,100.65,8.8564
1541.18,100.81,8.8564
1542.18,100.64,8.8564
1543.18,101.09,8.8565
1544.18,100.63,8.8565
1545.19,100.58,8.8564
1546.19,101.02,8.8565
1547.19,100.59,8.8565
1548.19,100.58,8.8565
1549.19,100.99,8.8564
1550.19,100.55,8.8564
1551.2,100.92,8.8565
1552.2,100.48,8.8565
1553.2,100.68,8.8565
1554.2,101.04,8.8566
1555.2,100.57,8.8566
1556.2,100.6,8.8566
1557.2,100.92,8.8566
1558.2,100.59,8.8566
1559.21,100.6,8.8565
1560.21,100.66,8.8567
1561.21,100.99,8.8566
1562.21,100.63,8.8566
1563.21,101.11,8.8566
1564.21,100.51,8.8567
1565.21,100.57,8.8567
1566.22,100.93,8.8567
1567.22,100.48,8.8567
1568.22,100.61,8.8567
1569.22,100.9,8.8567
1570.22,100.48,8.8567
1571.22,100.89,8.8567
1572.22,100.48,8.8567
1573.23,100.58,8.8567
1574.23,100.88,8.8567
1575.23,100.49,8.8567
1576.23,100.51,8.8567
1577.23,100.87,8.8567
1578.23,100.53,8.8567
1579.24,100.92,8.8567
1580.24,100.48,8.8567
1581.24,100.5,8.8567
1582.24,100.99,8.8567
1583.24,100.49,8.8567
1584.24,100.5,8.8567
1585.24,100.92,8.8567
1586.25,100.63,8.8567
1587.25,100.96,8.8566
1588.25,100.56,8.8567
1589.25,100.59,8.8567
1590.25,101.01,8.8567
1591.25,100.65,8.8567
1592.25,100.81,8.8568
1593.25,101.05,8.8568
1594.26,100.55,8.8568
1595.26,100.55,8.8568
1596.26,101.01,8.8568
1597.26,100.59,8.8568
1598.26,100.58,8.8568
1599.26,100.59,8.8568
1600.26,100.98,8.8568
1601.27,100.63,8.8568
1602.27,101.09,8.8568
1603.27,100.6,8.8568
1604.27,100.6,8.8568
1605.27,101.01,8.8568
1606.27,101.13,8.8568
1607.27,100.55,8.8568
1608.28,101.01,8.8568
1609.28,100.62,8.8568
1610.28,100.95,8.8568
1611.28,100.55,8.8568
1612.28,100.62,8.8567
1613.28,100.92,8.8567
1614.29,100.52,8.8567
1615.29,100.92,8.8567
1616.29,102.35,8.8567
1617.29,100.65,8.8567
1618.29,101.02,8.8567
1619.29,100.59,8.8567
1620.29,100.88,8.8567
1621.3,100.49,8.8567
1622.3,100.66,8.8567
1623.3,100.97,8.8568
1624.3,100.51,8.8569
1625.3,100.49,8.8569
1626.3,101.13,8.8567
1627.3,100.35,8.8567
1628.31,100.33,8.8567
1629.31,100.67,8.8567
1630.31,100.44,8.8566
1631.31,101.2,8.8568
1632.31,100.88,8.8568
1633.31,100.66,8.8568
1634.31,100.95,8.8568
1635.32,100.46,8.8567
1636.32,100.74,8.8568
1637.32,100.96,8.8568
1638.32,100.61,8.8568
1639.32,100.74,8.8568
1640.32,101.13,8.8568
1641.32,100.85,8.8568
1642.33,100.93,8.8569
1643.33,101.14,8.8569
1644.33,100.77,8.8569
1645.33,100.73,8.8569
1646.33,101.13,8.8569
1647.33,100.65,8.8569
1648.33,100.5,8.8569
1649.34,100.9,8.8569
1650.34,100.49,8.8569
1651.34,101.08,8.8568
1652.34,100.6,8.8569
1653.34,100.6,8.8569
1654.34,101.09,8.8568
1655.34,100.68,8.8568
1656.35,100.7,8.8568
1657.35,101.11,8.8568
1658.35,100.77,8.8568
1659.35,100.7,8.8568
1660.35,101.11,8.8569
1661.35,100.75,8.857
1662.36,101.21,8.857
1663.36,100.7,8.857
1664.36,100.62,8.857
1665.36,101.01,8.8569
1666.36,100.7,8.8569
1667.36,100.69,8.8569
1668.36,101.07,8.8569
1669.36,100.75,8.8569
1670.37,100.66,8.8569
1671.37,101.1,8.8569
1672.37,100.8,8.857
1673.37,100.67,8.857
1674.37,101.07,8.8569
1675.37,100.68,8.857
1676.38,101.11,8.857
1677.38,100.75,8.8569
1678.38,100.67,8.8569
1679.38,101.07,8.8569
1680.38,100.71,8.8569
1681.38,100.7,8.8569
1682.38,101.94,8.8569
1683.38,100.48,8.8569
1684.39,100.57,8.8568
1685.39,101.12,8.8569
1686.4,100.55,8.8569
1687.4,101.08,8.8569
1688.4,100.71,8.8568
1689.4,100.67,8.857
1690.4,100.75,8.857
1691.4,101.02,8.857
1692.41,100.82,8.8571
1693.41,101.01,8.857
1694.41,100.45,8.857
1695.41,100.52,8.857
1696.41,101.11,8.8571
1697.41,100.69,8.857
1698.41,100.66,8.8571
1699.42,101.04,8.857
1700.42,100.5,8.857
1701.42,100.55,8.857
1702.42,101.4,8.8571
1703.42,100.67,8.8571
1704.42,101.08,8.8571
1705.42,100.64,8.8571
1706.43,100.71,8.8571
1707.43,101.0,8.8571
1708.43,100.71,8.8571
1709.43,100.7,8.857
1710.43,101.12,8.857
1711.43,100.56,8.8571
1712.43,101.26,8.8571
1713.43,101.13,8.857
1714.44,100.67,8.857
1715.44,100.7,8.857
1716.44,101.16,8.857
1717.44,100.69,8.857
1718.44,100.58,8.857
1719.44,101.0,8.857
1720.44,100.68,8.8571
1721.45,100.71,8.8571
1722.45,100.78,8.8571
1723.45,100.99,8.8571
1724.45,100.65,8.8571
1725.45,101.05,8.8571
1726.45,100.69,8.8571
1727.45,100.69,8.857
1728.45,100.91,8.8571
1729.46,100.49,8.857
1730.46,100.51,8.8571
1731.46,100.67,8.8572
1732.46,101.18,8.8572
1733.46,100.67,8.857
1734.46,101.01,8.8571
1735.46,100.67,8.8571
1736.47,100.67,8.8571
1737.47,100.67,8.8571
1738.47,100.95,8.8571
1739.47,100.63,8.8572
1740.47,101.04,8.8573
1741.47,100.7,8.8573
1742.47,100.77,8.8573
1743.47,101.14,8.8573
1744.48,100.68,8.8595
1745.48,100.67,8.8595
1746.48,101.11,8.8601
1747.48,100.68,8.8674
1748.48,100.7,8.8674
1749.48,100.92,8.8721
1750.48,100.64,8.872
1751.49,100.73,8.8722
1752.49,101.2,8.8779
1753.49,100.69,8.8845
1754.49,101.07,8.8845
1755.49,100.69,8.8891
1756.49,100.67,8.8892
1757.49,101.08,8.8897
1758.5,100.61,8.8942
1759.5,100.61,8.9004
1760.5,100.87,8.9006
1761.5,100.58,8.9051
1762.5,100.67,8.9052
1763.5,101.14,8.9051
1764.5,103.58,8.9135
1765.51,100.96,8.9134
1766.51,101.1,8.9136
1767.51,100.63,8.9135
1768.51,100.43,8.9135
1769.51,100.79,8.9135
1770.51,100.63,8.9135
1771.51,100.54,8.9135
1772.52,102.15,8.9135
1773.52,100.55,8.9137
1774.52,100.98,8.9137
1775.52,100.59,8.9137
1776.52,100.66,8.9137
1777.52,101.09,8.9137
1778.52,100.67,8.9136
1779.53,100.64,8.9136
1780.53,100.93,8.9136
1781.53,100.77,8.9136
1782.53,101.51,8.9137
1783.53,101.04,8.9136
1784.53,100.61,8.9137
1785.53,101.06,8.9136
1786.54,100.7,8.9136
1787.54,100.58,8.9136
1788.54,100.84,8.9136
1789.54,100.51,8.9136
1790.54,100.58,8.9136
1791.54,101.09,8.9135
1792.55,100.72,8.9136
1793.55,100.9,8.9136
1794.55,100.43,8.9136
1795.55,100.46,8.9136
1796.55,101.11,8.9136
1797.55,100.57,8.9136
1798.55,100.59,8.9136
1799.55,100.98,8.9135
1800.56,100.62,8.9135
1801.56,100.65,8.9136
1802.56,101.11,8.9136
1803.56,100.57,8.9136
1804.56,100.63,8.9136
1805.56,101.03,8.9136
1806.57,100.64,8.9136
1807.57,101.04,8.9136
1808.57,100.73,8.9136
1809.57,100.6,8.9136
1810.57,100.92,8.9136
1811.57,100.62,8.9136
1812.57,100.71,8.9136
1813.58,101.02,8.9136
1814.58,100.6,8.9136
1815.58,101.04,8.9136
1816.58,100.65,8.9137
1817.58,100.48,8.9137
1818.58,100.94,8.9137
1819.58,100.61,8.9137
1820.59,100.68,8.9137
1821.59,100.68,8.9138
1822.59,101.15,8.9137
1823.59,100.65,8.9139
1824.59,100.98,8.9139
1825.59,100.55,8.9139
1826.59,100.55,8.9139
1827.6,101.02,8.9139
1828.6,100.64,8.9139
1829.6,100.64,8.9139
1830.6,101.06,8.9139
1831.6,100.66,8.9139
1832.6,101.65,8.9138
1833.6,100.62,8.9138
1834.61,100.64,8.9138
1835.61,100.98,8.9139
1836.61,100.71,8.9139
1837.61,100.69,8.9139
1838.61,101.5,8.9139
1839.61,100.59,8.9139
1840.61,101.05,8.9139
1841.62,100.67,8.9139
1842.62,100.8,8.9139
1843.62,101.07,8.9139
1844.62,100.67,8.9139
1845.62,100.65,8.9139
1846.62,101.11,8.9139
1847.63,100.67,8.9139
1848.63,101.05,8.9139
1849.63,100.65,8.9139
1850.63,100.64,8.9138
1851.63,101.1,8.9139
1852.63,100.92,8.9139
1853.63,100.65,8.9139
1854.63,100.95,8.9139
1855.64,100.47,8.914
1856.64,100.75,8.914
1857.64,101.1,8.9139
1858.64,100.53,8.9139
1859.64,100.44,8.9139
1860.64,100.98,8.9139
1861.64,100.71,8.914
1862.65,101.49,8.914
1863.65,100.81,8.914
1864.65,100.41,8.914
1865.65,100.4,8.914
1866.65,100.9,8.914
1867.65,100.83,8.914
1868.65,100.97,8.914
1869.66,100.44,8.914
1870.66,100.42,8.9139
1871.66,100.91,8.914
1872.66,100.65,8.9139
1873.66,100.65,8.9141
1874.66,100.51,8.9141
1875.66,100.95,8.9141
1876.67,100.49,8.9139
1877.67,100.89,8.914
1878.67,100.59,8.914
1879.67,100.61,8.914
1880.67,100.57,8.9141
1881.67,101.03,8.9141
1882.67,100.68,8.9141
1883.68,101.0,8.9141
1884.68,100.57,8.9141
1885.68,100.63,8.914
1886.68,101.1,8.9141
1887.68,100.63,8.9139
1888.68,100.64,8.9139
1889.68,101.1,8.9139
1890.68,100.65,8.9139
1891.69,100.68,8.914
1892.69,101.35,8.914
1893.69,100.73,8.9139
1894.69,100.7,8.9141
1895.69,101.07,8.9139
1896.69,100.77,8.9139
1897.7,101.19,8.9141
1898.7,100.69,8.9141
1899.7,100.71,8.9141
1900.7,101.09,8.9141
1901.7,100.77,8.9141
1902.7,101.31,8.9141
1903.7,100.69,8.9141
1904.71,100.7,8.9141
1905.71,101.08,8.9141
1906.71,100.71,8.9141
1907.71,101.18,8.9141
1908.71,100.67,8.9141
1909.71,100.39,8.9141
1910.71,100.81,8.9142
1911.72,100.34,8.914
1912.72,100.69,8.914
1913.72,101.06,8.9141
1914.72,100.7,8.9141
1915.72,100.65,8.9141
1916.72,101.39,8.9143
1917.73,100.69,8.9142
1918.73,100.98,8.9141
1919.73,100.71,8.9141
1920.73,100.67,8.9141
1921.73,101.12,8.9142
1922.73,101.67,8.9143
1923.73,100.5,8.9143
1924.74,101.07,8.9143
1925.74,100.69,8.9142
1926.74,101.43,8.9144
1927.74,100.67,8.9142
1928.74,100.48,8.9141
1929.74,101.01,8.9143
1930.74,100.46,8.9144
1931.75,100.63,8.9144
1932.75,101.0,8.9144
1933.75,100.5,8.9143
1934.75,100.66,8.9143
1935.75,101.09,8.9143
1936.75,100.62,8.9143
1937.75,100.52,8.9143
1938.75,101.09,8.9143
1939.76,100.69,8.9143
1940.76,100.64,8.9143
1941.76,101.1,8.9143
1942.76,100.84,8.9143
1943.76,100.63,8.9143
1944.79,100.73,8.9142
1945.79,100.64,8.9142
1946.8,101.06,8.9143
1947.8,100.65,8.9142
1948.8,100.96,8.9142
1949.8,100.49,8.9142
1950.8,100.7,8.9142
1951.8,100.69,8.9142
1952.8,101.14,8.9145
1953.81,100.6,8.9145
1954.81,100.98,8.9143
1955.81,100.64,8.9143
1956.81,101.83,8.9144
1957.81,101.13,8.9145
1958.81,100.63,8.9145
1959.81,100.59,8.9145
1960.82,101.04,8.9145
1961.82,100.73,8.9144
1962.82,101.06,8.9144
1963.82,100.64,8.9144
1964.82,100.66,8.9144
1965.82,101.09,8.9145
1966.82,100.69,8.9145
1967.83,100.64,8.9145
1968.83,101.0,8.9144
1969.83,100.55,8.9143
1970.83,100.59,8.9144
1971.83,100.88,8.9145
1972.83,100.52,8.9145
1973.83,100.54,8.9145
1974.84,100.93,8.9145
1975.84,100.57,8.9145
1976.84,100.59,8.9144
1977.84,100.92,8.9144
1978.84,100.52,8.9144
1979.84,100.55,8.9146
1980.84,100.93,8.9146
1981.85,100.59,8.9146
1982.85,100.95,8.9146
1983.85,100.5,8.9143
1984.85,100.68,8.9145
1985.85,101.05,8.9145
1986.85,100.6,8.9145
1987.85,100.59,8.9145
1988.86,100.88,8.9144
1989.86,100.51,8.9145
1990.86,100.89,8.9145
1991.86,100.48,8.9145
1992.86,100.59,8.9145
1993.86,100.83,8.9145
1994.86,100.51,8.9146
1995.87,100.53,8.9146
1996.87,100.85,8.9146
1997.87,100.56,8.9146
1998.87,100.5,8.9146
1999.87,100.92,8.9146
2000.87,100.46,8.9146
2001.88,100.93,8.9146
2002.88,100.7,8.9146
2003.88,100.69,8.9145
2004.88,101.04,8.9145
2005.88,100.58,8.9145
2006.88,100.57,8.9145
2007.88,100.87,8.9145
2008.88,100.44,8.9145
2009.89,100.48,8.9145
2010.89,101.13,8.9145
2011.89,100.67,8.9146
2012.89,100.73,8.9146
2013.89,100.94,8.9146
2014.89,100.59,8.9146
2015.89,100.5,8.9146
2016.89,100.59,8.9147
2017.89,101.32,8.9146
2018.9,100.63,8.9146
2019.9,100.63,8.9145
2020.9,100.95,8.9145
2021.9,100.5,8.9145
2022.9,100.64,8.9146
2023.9,100.88,8.9146
2024.9,100.48,8.9146
2025.91,100.48,8.9146
2026.91,100.92,8.9147
2027.91,100.5,8.9147
2028.91,100.45,8.9147
2029.91,100.52,8.9147
2030.91,100.93,8.9146
2031.91,100.53,8.9146
2032.91,100.61,8.9146
2033.92,100.8,8.9148
2034.92,100.46,8.9148
2035.92,100.57,8.9148
2036.92,100.9,8.9148
2037.92,100.51,8.9148
2038.92,100.46,8.9146
2039.92,100.91,8.9145
2040.93,100.54,8.9145
2041.93,100.96,8.9146
2042.93,100.56,8.9146
2043.93,100.55,8.9148
2044.93,101.03,8.9147
2045.93,100.53,8.9147
2046.93,100.69,8.9148
2047.94,101.07,8.9148
2048.94,100.67,8.9148
2049.94,100.52,8.9147
2050.94,100.91,8.9147
2051.94,100.62,8.9147
2052.94,101.4,8.9147
2053.94,100.55,8.9148
2054.95,100.48,8.9147
2055.95,100.82,8.9147
2056.95,100.47,8.9147
2057.95,100.7,8.9147
2058.95,100.57,8.9147
2059.95,100.92,8.9147
2060.95,100.39,8.9147
2061.95,100.58,8.9148
2062.95,101.05,8.9148
2063.96,100.61,8.9148
2064.96,100.71,8.9148
2065.96,101.05,8.9148
2066.96,100.68,8.9148
2067.96,100.64,8.9148
2068.96,100.89,8.9146
2069.96,100.41,8.9146
2070.97,100.48,8.9146
2071.97,100.95,8.9146
2072.97,100.75,8.9149
2073.97,100.47,8.9149
2074.97,100.44,8.9149
2075.97,100.96,8.9149
2076.97,100.48,8.9148
2077.97,100.51,8.9148
2078.97,101.04,8.9148
2079.98,100.61,8.9147
2080.98,101.02,8.9148
2081.98,101.0,8.9148
2082.98,100.76,8.9147
2083.98,100.65,8.9147
2084.98,101.08,8.9148
2085.98,100.71,8.9148
2086.99,100.65,8.9147
2087.99,101.07,8.9149
2088.99,100.66,8.9147
2089.99,100.68,8.9147
2090.99,100.85,8.9147
2091.99,101.13,8.9149
2092.99,100.85,8.9149
2093.99,101.1,8.9149
2095.0,100.7,8.9149
2096.0,100.68,8.9149
2097.0,100.85,8.9149
2098.0,100.46,8.9149
2099.0,100.43,8.9149
2100.0,100.83,8.9149
2101.01,100.47,8.9149
2102.01,100.96,8.9149
2103.01,100.84,8.9149
2104.01,100.67,8.9149
2105.01,101.02,8.9149
2106.01,100.72,8.9149
2107.01,101.11,8.9149
2108.02,100.81,8.9148
2109.02,100.72,8.9148
2110.02,101.12,8.9148
2111.02,100.76,8.9149
2112.02,100.72,8.9149
2113.02,101.3,8.9149
2114.02,100.7,8.9149
2115.03,100.73,8.9149
2116.03,101.2,8.9149
2117.03,100.68,8.9149
2118.03,100.81,8.915
2119.03,100.49,8.9149
2120.03,100.87,8.9149
2121.03,100.54,8.915
2122.03,101.05,8.915
2123.04,100.82,8.9149
2124.04,100.74,8.9149
2125.04,101.12,8.9149
2126.04,100.75,8.9149
2127.04,100.69,8.9149
2128.04,101.24,8.9149
2129.04,100.71,8.915
2130.05,100.71,8.915
2131.05,101.13,8.915
2132.05,100.71,8.915
2133.05,100.83,8.915
2134.05,101.1,8.915
2135.05,100.73,8.915
2136.05,101.31,8.915
2137.05,101.19,8.9149
2138.06,100.95,8.9149
2139.06,100.76,8.915
2140.06,101.09,8.9149
2141.06,100.56,8.9149
2142.06,100.55,8.9149
2143.06,101.05,8.915
2144.06,100.46,8.9149
2145.07,100.48,8.9149
2146.07,101.02,8.9149
2147.07,100.73,8.9149
2148.07,100.78,8.9149
2149.07,101.15,8.9149
2150.07,100.46,8.915
2151.07,100.7,8.9149
2152.08,101.11,8.9149
2153.08,100.83,8.9151
2154.08,100.75,8.9151
2155.08,101.08,8.915
2156.08,100.68,8.9149
2157.08,100.55,8.9149
2158.08,100.88,8.915
2159.09,100.44,8.915
2160.09,100.83,8.915
2161.09,102.15,8.9152
2162.09,100.54,8.915
2163.09,100.81,8.915
2164.09,101.07,8.915
2165.09,100.66,8.9151
2166.1,101.11,8.9151
2167.1,100.69,8.9151
2168.1,100.67,8.9151
2169.1,101.07,8.9151
2170.1,100.76,8.9151
2171.1,100.73,8.9151
2172.1,101.18,8.9151
2173.1,100.88,8.9151
2174.11,100.75,8.9151
2175.11,101.12,8.9151
2176.11,100.72,8.9151
2177.11,100.72,8.9151
2178.11,101.08,8.9151
2179.11,100.74,8.9151
2180.12,101.12,8.9151
2181.12,100.77,8.9151
2182.12,100.73,8.9151
2183.12,101.3,8.9151
2184.12,100.73,8.9151
2185.12,101.13,8.9151
2186.12,100.73,8.9151
2187.13,100.71,8.9151
2188.13,101.11,8.915
2189.13,100.73,8.915
2190.13,100.79,8.9152
2191.13,101.2,8.9152
2192.13,100.67,8.9151
2193.13,100.87,8.9151
2194.14,100.35,8.9152
2195.14,100.35,8.9152
2196.14,101.0,8.9153
2197.14,100.72,8.9153
2198.14,100.6,8.9153
2199.14,100.92,8.9153
2200.14,100.53,8.9153
2201.15,100.79,8.9153
2202.15,101.05,8.9153
2203.15,100.78,8.9153
2204.15,100.67,8.9153
2205.15,101.06,8.9153
2206.15,100.8,8.9153
2207.15,101.11,8.9153
2208.16,100.73,8.9153
2209.16,100.76,8.9153
2210.16,101.2,8.9152
2211.16,100.71,8.9152
2212.16,100.58,8.9152
2213.16,101.17,8.9154
2214.16,100.68,8.9154
2215.17,100.67,8.9154
2216.17,167.9,2.1403
2217.17,341.5,2.3943
2218.17,297.18,2.7687
2219.17,329.94,2.9401
2220.17,347.59,3.0768
2221.17,300.34,3.2382
2222.17,260.73,3.4522
2223.18,243.66,3.7189
2224.18,243.98,3.9588
2225.18,121.16,4.0615
2226.18,318.33,4.3134
2227.18,315.34,4.5722
2228.18,312.8,5.1444
2229.18,301.86,5.714
2230.21,292.8,6.307
2231.21,308.47,6.8878
2232.21,306.66,7.2496
2233.21,171.68,2.1717
2234.21,331.36,2.4715
2235.22,225.5,2.8161
2236.22,341.51,2.9713
2237.22,332.57,3.1832
2238.22,326.65,3.445
2239.22,255.49,3.6421
2240.22,308.07,3.9539
2241.22,114.1,4.0289
2242.23,276.99,4.2514
2243.23,301.84,4.4632
2244.23,247.16,2.1193
2245.23,306.36,2.3488
2246.23,308.47,2.701
2247.23,337.53,2.9055
2248.23,349.42,3.0361
2249.23,326.75,3.1856
2250.24,310.81,3.3591
2251.24,223.8,3.4839
2252.24,301.7,3.7543
2253.24,246.58,3.9748
2254.24,128.78,4.0804
2255.24,314.91,4.3239
2256.24,303.75,4.5527
2257.25,238.73,2.1488
2258.25,338.61,2.6534
2259.25,333.16,2.8697
2260.25,354.51,3.2476
2261.25,322.31,3.6292
2262.25,312.36,3.9862
2263.25,309.93,4.3382
2264.25,309.14,4.7125
2265.25,305.36,5.1172
2266.26,303.46,5.5261
2267.26,302.09,5.8988
2268.26,306.57,6.3279
2269.26,307.95,6.7491
2270.26,320.52,7.2556
2271.26,301.63,7.3229
2272.26,304.41,7.4246
2273.27,300.78,7.4246
2274.27,301.87,7.4249
2275.27,303.39,7.4255
2276.27,191.31,7.4262
2277.27,167.21,7.4214
2278.27,144.44,7.4214
2279.27,118.83,7.4213
2280.28,202.4,7.4213
2281.28,135.06,7.4213
2282.28,200.36,7.7599
2283.28,111.58,7.7796
2284.28,106.37,7.7796
2285.28,126.0,7.7796
2286.28,128.16,7.7796
2287.29,139.28,7.7796
2288.29,191.36,7.7796
2289.29,169.21,7.7796
2290.29,112.05,7.7796
2291.29,129.42,7.7796
2292.29,234.94,7.7797
2293.29,179.86,7.7799
2294.3,125.98,7.7799
2295.3,313.94,7.7816
2296.3,291.15,7.7832
2297.3,305.04,8.2045
2298.3,256.89,8.2067
2299.3,175.44,2.1799
2300.3,341.18,2.504
2301.31,273.83,2.8383
2302.31,310.52,2.955
2303.31,343.57,3.1203
2304.31,317.37,3.3566
2305.31,276.54,3.5966
2306.31,305.3,3.9225
2307.31,126.46,4.0157
2308.31,244.51,4.2087
2309.32,308.01,4.4378
2310.32,324.18,4.8176
2311.32,282.72,5.3171
2312.32,270.68,5.8351
2313.32,164.78,6.3681
2314.32,249.85,6.8912
2315.32,157.11,7.2921
2316.33,106.41,7.3922
2317.33,103.7,7.3922
2318.33,218.98,3.1615
2319.33,294.1,2.4137
2320.33,309.0,2.8571
2321.33,369.16,3.0311
2322.33,335.61,3.2076
2323.34,323.52,3.4701
2324.34,269.39,3.671
2325.34,299.69,3.9707
2326.34,197.98,4.0458
2327.34,272.1,4.2629
2328.34,291.38,4.4805
2329.35,261.46,2.2324
2330.35,318.44,2.7578
2331.35,322.56,2.9752
2332.35,344.5,3.1691
2333.35,336.34,3.4494
2334.35,262.67,3.6281
2335.35,310.15,3.9601
2336.36,101.19,4.0346
2337.36,275.61,4.2541
2338.36,296.86,4.4732
2339.36,265.79,2.2772
2340.36,323.31,2.7788
2341.36,337.56,2.9867
2342.36,340.09,3.1797
2343.36,328.75,3.4589
2344.37,278.02,3.6268
2345.37,312.93,3.9668
2346.37,201.96,4.0474
2347.37,289.38,4.2732
2348.37,312.36,4.5118
2349.37,210.27,2.1867
2350.37,341.41,2.5162
2351.37,306.84,2.8658
2352.38,312.7,2.9745
2353.38,347.27,3.1039
2354.38,308.02,3.2537
2355.38,304.49,3.4559
2356.38,218.1,3.571
2357.38,303.1,3.731
2358.38,256.99,3.9904
2359.38,101.32,4.0581
2360.39,314.82,4.306
2361.39,308.04,4.5376
2362.39,266.0,4.9078
2363.39,234.18,5.2701
2364.39,124.26,5.6503
2365.39,111.25,6.0255
2366.39,109.3,6.4039
2367.4,107.2,6.9624
2368.4,209.45,7.3635
2369.4,203.93,7.3638
2370.4,211.1,7.4415
2371.4,131.24,7.4684
2372.4,102.19,7.4684
2373.4,110.07,7.4684
2374.41,101.36,7.4625
2375.41,112.29,7.4625
2376.41,101.85,7.4625
2377.41,100.67,7.4625
2378.41,101.43,7.4625
2379.41,111.02,7.4625
2380.42,101.35,7.4625
2381.42,100.58,7.4625
2382.42,117.13,7.4625
2383.42,100.97,7.4625
2384.42,100.62,7.4625
2385.42,100.9,7.4625
2386.42,100.66,7.4626
2387.43,100.58,7.4626
2388.43,100.91,7.4626
2389.43,100.54,7.4626
2390.43,100.63,7.4626
2391.43,101.03,7.4627
2392.43,100.76,7.4627
2393.43,100.67,7.4626
2394.44,101.9,7.4627
2395.44,100.63,7.4627
2396.44,100.67,7.4627
2397.44,101.12,7.4627
2398.44,100.72,7.4627
2399.44,101.11,7.4627
2400.44,100.66,7.4626
2401.45,100.7,7.4626
2402.45,101.12,7.4626
2403.45,100.6,7.4627
2404.45,101.09,7.4627
2405.45,100.67,7.4627
2406.45,100.74,7.4627
2407.46,101.07,7.4627
2408.46,100.7,7.4627
2409.46,100.73,7.4627
2410.46,101.11,7.4627
2411.46,101.07,7.4627
2412.46,101.31,7.4627
2413.46,101.09,7.4627
2414.47,100.71,7.4626
2415.47,101.09,7.4628
2416.47,100.8,7.4628
2417.47,100.66,7.4628
2418.47,101.05,7.4626
2419.47,100.67,7.4626
2420.47,100.65,7.4626
2421.48,101.12,7.4626
2422.48,101.1,7.4627
2423.48,100.6,7.4627
2424.48,101.08,7.4627
2425.48,100.74,7.4627
2426.48,100.72,7.4627
2427.48,101.15,7.4627
2428.48,100.71,7.4627
2429.49,100.77,7.4628
2430.49,101.15,7.4628
2431.49,100.75,7.4628
2432.49,143.59,7.6886
2433.49,101.11,7.6886
2434.49,100.76,7.6886
2435.49,100.73,7.6886
2436.5,101.15,7.6886
2437.5,100.72,7.6887
2438.5,101.15,7.6887
2439.5,100.72,7.6923
2440.5,100.72,7.7074
2441.5,101.11,7.7215
2442.5,100.78,7.7346
2443.51,100.69,7.7368
2444.51,101.09,7.7368
2445.51,100.7,7.7368
2446.51,101.13,7.7368
2447.51,100.65,7.7368
2448.51,100.52,7.7368
2449.52,100.95,7.7368
2450.52,100.52,7.7368
2451.52,100.55,7.7368
2452.52,101.0,7.7368
2453.52,100.51,7.7368
2454.52,100.97,7.7369
2455.52,100.73,7.7369
2456.53,100.78,7.7369
2457.53,101.14,7.7369
2458.53,100.81,7.7369
2459.53,100.78,7.7369
2460.53,101.16,7.7369
2461.53,100.77,7.7369
2462.53,100.79,7.7369
2463.54,101.12,7.7369
2464.54,100.72,7.7369
2465.54,101.36,7.7369
2466.54,100.74,7.7369
2467.54,100.7,7.7369
2468.54,101.25,7.7369
2469.55,100.74,7.7369
2470.55,101.16,7.7369
2471.55,100.73,7.7369
2472.55,100.79,7.7369
2473.55,101.08,7.7369
2474.55,100.7,7.7369
2475.55,100.73,7.7369
2476.56,101.18,7.7369
2477.56,100.71,7.7368
2478.56,100.33,7.7369
2479.56,100.73,7.7369
2480.56,100.33,7.737
2481.56,101.05,7.7368
2482.56,101.02,7.7369
2483.57,100.81,7.7369
2484.57,101.16,7.7368
2485.57,100.71,7.7368
2486.57,100.73,7.7368
2487.57,101.1,7.7369
2488.57,100.56,7.7369
2489.58,100.96,7.7369
2490.58,100.68,7.7369
2491.58,100.72,7.7369
2492.58,101.24,7.7371
2493.58,100.79,7.7371
2494.58,100.69,7.7371
2495.58,101.14,7.7371
2496.58,100.64,7.7369
2497.59,100.46,7.7369
2498.59,101.17,7.7371
2499.59,100.68,7.7371
2500.59,100.72,7.7371
2501.59,101.08,7.7371
2502.59,102.27,7.7371
2503.59,100.58,7.7371
2504.59,100.96,7.7371
2505.6,100.53,7.7371
2506.6,100.59,7.7371
2507.6,100.97,7.7371
2508.6,100.49,7.7371
2509.6,100.5,7.7371
2510.6,100.97,7.7371
2511.6,100.68,7.7371
2512.61,100.67,7.7371
2513.61,100.51,7.7371
2514.61,100.88,7.7371
2515.61,100.6,7.7371
2516.61,101.11,7.7371
2517.61,100.72,7.7371
2518.61,100.51,7.7371
2519.61,101.02,7.7371
2520.62,100.58,7.7371
2521.62,100.57,7.7371
2522.62,101.0,7.7371
2523.62,100.59,7.7371
2524.62,100.66,7.7371
2525.62,101.08,7.7371
2526.62,100.72,7.7371
2527.63,100.68,7.7371
2528.63,100.99,7.7371
2529.63,100.47,7.7371
2530.63,100.61,7.7371
2531.63,101.09,7.7371
2532.63,100.86,7.7371
2533.64,101.1,7.7371
2534.64,100.67,7.7371
2535.64,100.64,7.7371
2536.64,100.97,7.7371
2537.64,100.57,7.7371
2538.64,100.61,7.7371
2539.64,101.03,7.7372
2540.64,100.62,7.7372
2541.65,100.7,7.7372
2542.65,101.28,7.7372
2543.65,100.63,7.7372
2544.65,100.68,7.7372
2545.65,101.0,7.7372
2546.65,100.69,7.7372
2547.65,100.69,7.7372
2548.66,101.04,7.7372
2549.66,100.56,7.7372
2550.66,101.08,7.7372
2551.66,100.7,7.7373
2552.66,101.99,7.7373
2553.66,101.0,7.7374
2554.66,100.62,7.7374
2555.67,100.55,7.7374
2556.67,101.05,7.7373
2557.67,100.58,7.7374
2558.67,100.53,7.7374
2559.67,101.0,7.7374
2560.67,100.57,7.7373
2561.67,100.53,7.7373
2562.67,102.08,7.7374
2563.68,100.81,7.7374
2564.68,100.54,7.7373
2565.68,100.86,7.7373
2566.68,100.55,7.7373
2567.68,100.45,7.7373
2568.68,100.88,7.7373
2569.68,100.72,7.7373
2570.69,100.62,7.7373
2571.69,100.91,7.7374
2572.69,100.67,7.7374
2573.69,100.67,7.7374
2574.69,101.1,7.7374
2575.69,100.62,7.7374
2576.69,100.61,7.7374
2577.7,100.83,7.7374
2578.7,100.6,7.7374
2579.7,101.04,7.7374
2580.7,100.56,7.7374
2581.7,100.6,7.7374
2582.7,101.05,7.7374
2583.7,100.63,7.7375
2584.71,100.6,7.7375
2585.71,101.0,7.7375
2586.71,100.63,7.7374
2587.71,100.59,7.7374
2588.71,100.99,7.7374
2589.71,100.52,7.7374
2590.71,100.61,7.7375
2591.71,100.62,7.7375
2592.72,101.04,7.7375
2593.72,100.56,7.7374
2594.72,100.99,7.7374
2595.72,100.68,7.7374
2596.72,100.63,7.7374
2597.72,100.6,7.7375
2598.72,100.97,7.7374
2599.73,100.62,7.7374
2600.73,101.08,7.7375
2601.73,100.69,7.7375
2602.73,100.69,7.7375
2603.73,100.6,7.7375
2604.73,100.96,7.7375
2605.73,100.59,7.7374
2606.73,100.61,7.7374
2607.74,100.98,7.7374
2608.74,100.69,7.7374
2609.74,100.75,7.7375
2610.74,101.06,7.7374
2611.74,100.71,7.7376
2612.74,100.91,7.7376
2613.74,101.12,7.7376
2614.74,100.69,7.7376
2615.75,100.72,7.7376
2616.75,101.14,7.7376
2617.75,100.73,7.7376
2618.75,100.65,7.7376
2619.75,101.13,7.7376
2620.75,100.62,7.7377
2621.75,100.97,7.7377
2622.76,100.48,7.7377
2623.76,100.49,7.7377
2624.76,100.91,7.7377
2625.76,100.56,7.7377
2626.76,100.48,7.7377
2627.76,100.9,7.7377
2628.76,100.41,7.7377
2629.77,100.5,7.7377
2630.77,100.83,7.7377
2631.77,100.45,7.7377
2632.77,100.64,7.7377
2633.77,100.87,7.7377
2634.77,100.54,7.7377
2635.77,100.56,7.7377
2636.77,101.18,7.7377
2637.78,100.51,7.7377
2638.78,100.47,7.7377
2639.78,100.86,7.7377
2640.78,100.4,7.7377
2641.78,100.55,7.7377
2642.78,100.96,7.7377
2643.78,100.57,7.7376
2644.79,100.54,7.7376
2645.79,100.93,7.7376
2646.79,100.53,7.7376
2647.79,100.85,7.7376
2648.79,101.0,7.7376
2649.79,100.63,7.7375
2650.79,101.12,7.7375
2651.8,100.74,7.7377
2652.8,100.76,7.7378
2653.8,101.16,7.7378
2654.8,100.64,7.7378
2655.8,100.79,7.7378
2656.8,100.62,7.7377
2657.8,100.87,7.7377
2658.81,100.54,7.7378
2659.81,100.99,7.7377
2660.81,100.5,7.7377
2661.81,100.54,7.7378
2662.81,101.14,7.7378
2663.81,100.6,7.7378
2664.81,100.64,7.7377
2665.81,101.18,7.7378
2666.82,100.74,7.7378
2667.82,100.67,7.7378
2668.82,101.16,7.7378
2669.82,100.73,7.7377
2670.82,100.82,7.7378
2671.82,100.83,7.7378
2672.82,101.27,7.7378
2673.82,100.71,7.7377
2674.83,100.73,7.7379
2675.83,101.17,7.7379
2676.83,100.78,7.7379
2677.83,100.68,7.7379
2678.83,101.06,7.7379
2679.83,100.68,7.7379
2680.83,100.61,7.7379
2681.84,101.12,7.7379
2682.84,100.75,7.7378
2683.84,100.69,7.7379
2684.84,101.08,7.7378
2685.84,100.71,7.7378
2686.84,100.53,7.7378
2687.84,100.86,7.7379
2688.85,100.45,7.7379
2689.85,100.86,7.7379
2690.85,100.45,7.7379
2691.85,100.5,7.7379
2692.85,100.98,7.7379
2693.85,100.49,7.7379
2694.85,100.58,7.7379
2695.85,100.93,7.7379
2696.86,100.58,7.7379
2697.86,100.67,7.7379
2698.86,101.12,7.7379
2699.86,103.09,7.7379
2700.86,100.68,7.7379
2701.86,101.17,7.7379
2702.86,100.75,7.7379
2703.87,100.67,7.7379
2704.87,101.06,7.7379
2705.87,100.62,7.7379
2706.87,100.7,7.7379
2707.87,101.1,7.7379
2708.87,100.66,7.7379
2709.87,101.14,7.7379
2710.88,100.68,7.7379
2711.88,100.74,7.7379
2712.88,101.17,7.7379
2713.88,100.64,7.7379
2714.88,100.73,7.7379
2715.88,101.1,7.7379
2716.89,100.72,7.7379
2717.89,100.66,7.7379
2718.89,101.08,7.7379
2719.89,100.53,7.7379
2720.89,100.5,7.7379
2721.89,100.99,7.7379
2722.89,100.72,7.7379
2723.89,100.66,7.7379
2724.9,101.07,7.7379
2725.9,100.77,7.738
2726.9,100.74,7.738
2727.9,101.11,7.738
2728.9,100.69,7.738
2729.9,100.9,7.738
2730.9,100.46,7.738
2731.91,100.57,7.738
2732.91,101.15,7.7381
2733.91,100.7,7.7381
2734.91,100.71,7.7381
2735.91,101.18,7.7381
2736.91,100.74,7.7381
2737.91,100.68,7.7381
2738.91,101.09,7.7381
2739.92,100.65,7.7381
2740.92,100.64,7.7381
2741.92,101.18,7.7381
2742.92,100.77,7.7381
2743.92,100.7,7.7381
2744.92,101.11,7.7381
2745.92,100.67,7.7381
2746.92,100.8,7.7381
2747.93,100.71,7.7381
2748.93,101.09,7.7381
2749.93,100.73,7.7381
2750.93,101.13,7.7379
2751.93,100.76,7.738
2752.93,100.78,7.738
2753.93,101.0,7.738
2754.94,100.51,7.738
2755.94,100.52,7.7381
2756.94,100.93,7.7381
2757.94,100.52,7.7381
2758.94,100.52,7.7381
2759.94,100.97,7.7381
2760.95,100.54,7.7381
2761.95,100.99,7.7381
2762.95,100.62,7.7381
2763.95,100.54,7.7381
2764.95,100.95,7.7381
2765.95,100.66,7.7381
2766.95,100.7,7.738
2767.96,101.22,7.738
2768.96,100.6,7.7381
2769.96,101.19,7.7381
2770.96,100.77,7.7381
2771.96,100.69,7.7381
2772.96,101.2,7.7381
2773.96,100.75,7.7381
2774.97,100.68,7.7382
2775.97,101.13,7.738
2776.97,100.67,7.738
2777.97,100.74,7.738
2778.98,101.11,7.738
2779.98,100.57,7.738
2780.98,100.34,7.738
2781.98,100.8,7.738
2782.98,100.36,7.738
2783.98,100.97,7.7382
2784.98,101.15,7.7382
2785.98,100.69,7.7382
2786.99,100.65,7.7382
2787.99,101.09,7.7382
2788.99,100.57,7.7382
2789.99,100.62,7.7382
2790.99,101.12,7.7382
2791.99,100.54,7.7382
2792.99,100.78,7.7382
2793.99,100.94,7.7382
2795.0,100.62,7.7383
2796.0,100.68,7.7383
2797.0,100.47,7.7383
2798.0,100.8,7.7383
2799.0,100.35,7.7383
2800.0,100.25,7.7383
2801.0,100.75,7.7383
2802.0,100.4,7.7383
2803.01,100.34,7.7383
2804.01,100.71,7.7383
2805.01,100.31,7.7383
2806.01,100.31,7.7383
2807.01,100.68,7.7383
2808.01,100.29,7.7383
2809.01,100.73,7.7383
2810.02,100.37,7.7383
2811.02,100.36,7.7383
2812.02,100.78,7.7383
2813.02,100.54,7.7383
2814.02,100.52,7.7384
2815.02,100.87,7.7384
2816.03,100.71,7.7384
2817.03,100.53,7.7384
2818.03,100.89,7.7384
2819.03,100.55,7.7384
2820.03,100.97,7.7383
2821.03,100.6,7.7383
2822.03,100.31,7.7383
2823.03,100.97,7.7383
2824.04,100.5,7.7383
2825.04,100.5,7.7384
2826.04,100.88,7.7384
2827.04,100.43,7.7384
2828.04,100.55,7.7384
2829.04,100.66,7.7384
2830.04,101.15,7.7384
2831.04,100.75,7.7384
2832.05,100.52,7.7384
2833.05,101.09,7.7384
2834.05,100.43,7.7384
2835.05,100.48,7.7384
2836.05,100.49,7.7384
2837.05,100.96,7.7384
2838.05,100.5,7.7384
2839.05,100.62,7.7384
2840.06,100.91,7.7384
2841.06,100.54,7.7384
2842.06,101.0,7.7384
2843.06,100.73,7.7384
2844.06,100.57,7.7384
2845.06,101.04,7.7384
2846.06,100.69,7.7384
2847.07,100.57,7.7384
2848.07,100.89,7.7384
2849.07,100.49,7.7384
2850.07,100.95,7.7384
2851.07,100.54,7.7384
2852.07,100.67,7.7384
2853.07,101.1,7.7384
2854.08,100.71,7.7384
2855.08,100.77,7.7385
2856.08,101.16,7.7385
2857.08,100.63,7.7385
2858.08,100.68,7.7385
2859.08,101.12,7.7385
2860.09,100.75,7.7385
2861.09,101.12,7.7384
2862.09,100.63,7.7385
2863.09,100.65,7.7385
2864.09,100.49,7.7385
2865.09,100.88,7.7384
2866.09,100.66,7.7384
2867.09,100.88,7.7384
2868.1,100.63,7.7385
2869.1,100.46,7.7384
2870.1,100.91,7.7384
2871.1,100.55,7.7384
2872.1,100.59,7.7384
2873.1,101.08,7.7385
2874.1,100.59,7.7384
2875.11,100.58,7.7385
2876.11,101.07,7.7385
2877.11,100.56,7.7385
2878.11,100.55,7.7385
2879.11,100.92,7.7385
2880.11,100.46,7.7385
2881.11,100.47,7.7385
2882.12,100.83,7.7386
2883.12,100.51,7.7386
2884.12,100.42,7.7385
2885.12,100.95,7.7385
2886.12,100.6,7.7386
2887.12,100.48,7.7386
2888.12,100.89,7.7386
2889.13,100.44,7.7385
2890.13,100.86,7.7386
2891.13,100.66,7.7385
2892.13,100.53,7.7385
2893.13,101.09,7.7385
2894.13,100.56,7.7385
2895.13,100.44,7.7385
2896.13,100.93,7.7385
2897.14,100.58,7.7385
2898.14,100.57,7.7386
2899.14,101.0,7.7385
2900.14,100.58,7.7385
2901.14,100.65,7.7385
2902.14,101.01,7.7385
2903.14,100.7,7.7385
2904.15,100.63,7.7385
2905.15,100.99,7.7385
2906.15,100.66,7.7385
2907.15,100.61,7.7385
2908.15,101.02,7.7385
2909.15,100.57,7.7385
2910.15,100.99,7.7385
2911.16,100.6,7.7385
2912.16,100.57,7.7386
2913.16,101.06,7.7385
2914.16,100.57,7.7386
2915.16,100.56,7.7385
2916.16,101.14,7.7385
2917.16,100.57,7.7386
2918.17,100.63,7.7386
2919.17,101.07,7.7386
2920.17,100.62,7.7386
2921.17,100.63,7.7386
2922.17,100.99,7.7386
2923.17,100.66,7.7386
2924.17,100.61,7.7386
2925.17,100.58,7.7386
2926.18,101.03,7.7386
2927.18,100.57,7.7386
2928.18,100.64,7.7386
2929.18,100.96,7.7386
2930.18,100.62,7.7386
2931.18,101.0,7.7386
2932.18,100.6,7.7386
2933.19,100.74,7.7386
2934.19,141.79,7.7392
2935.19,100.68,7.7392
2936.19,100.69,7.7392
2937.19,101.03,7.7392
2938.19,100.62,7.7394
2939.2,101.09,7.7394
2940.2,100.7,7.7394
2941.2,100.74,7.7393
2942.2,101.12,7.7393
2943.2,100.78,7.7393
2944.2,100.72,7.7393
2945.2,101.13,7.7393
2946.21,100.79,7.7393
2947.21,101.13,7.7393
2948.21,100.77,7.7393
2949.21,100.74,7.7393
2950.21,101.04,7.7392
2951.21,100.63,7.7392
2952.21,100.94,7.7393
2953.22,100.79,7.7394
2954.22,100.28,7.7392
2955.22,100.7,7.7392
2956.22,100.29,7.7393
2957.22,100.38,7.7394
2958.22,100.87,7.7394
2959.22,100.49,7.7393
2960.23,100.56,7.7394
2961.23,100.93,7.7394
2962.23,100.46,7.7393
2963.23,100.7,7.7393
2964.23,100.94,7.7393
2965.23,100.4,7.7393
2966.23,100.49,7.7393
2967.23,100.96,7.7393
2968.24,100.46,7.7393
2969.24,100.47,7.7393
2970.24,100.86,7.7393
2971.24,100.58,7.7394
2972.24,100.51,7.7395
2973.24,100.48,7.7394
2974.24,100.84,7.7394
2975.24,100.43,7.7394
2976.25,101.13,7.7394
2977.25,100.82,7.7394
2978.25,100.57,7.7394
2979.25,100.65,7.7393
2980.25,101.03,7.7393
2981.25,100.49,7.7395
2982.25,100.66,7.7393
2983.25,101.01,7.7395
2984.26,100.63,7.7395
2985.26,100.47,7.7395
2986.26,101.08,7.7395
2987.26,100.49,7.7395
2988.26,119.15,7.7396
2989.26,100.85,7.7396
2990.26,100.45,7.7396
2991.27,100.55,7.7396
2992.27,101.04,7.7395
2993.27,100.53,7.7396
2994.27,100.56,7.7396
2995.27,100.94,7.7396
2996.27,100.73,7.7395
2997.27,100.55,7.7396
2998.27,100.42,7.7396
2999.28,100.79,7.7396
3000.28,100.52,7.7396
3001.28,100.71,7.7397
3002.28,101.09,7.7397
3003.28,100.46,7.7397
3004.28,100.52,7.7397
3005.28,100.99,7.7397
3006.28,100.65,7.7397
3007.29,100.5,7.7397
3008.29,101.1,7.7396
3009.29,100.6,7.7397
3010.29,100.57,7.7397
3011.29,100.95,7.7396
3012.29,100.67,7.7398
3013.29,100.45,7.7398
3014.3,100.92,7.7398
3015.3,100.53,7.7398
3016.3,100.66,7.7398
3017.3,100.71,7.7398
3018.3,100.91,7.7398
3019.3,100.62,7.7398
3020.3,101.06,7.7398
3021.3,100.69,7.7398
3022.31,100.77,7.7398
3023.31,100.78,7.7398
3024.31,101.12,7.7398
3025.31,100.69,7.7398
3026.31,100.83,7.7397
3027.31,101.14,7.7397
3028.31,100.64,7.7397
3029.31,100.72,7.7398
3030.31,100.65,7.7398
3031.32,101.06,7.7398
3032.32,100.75,7.7398
3033.32,101.08,7.7398
3034.32,100.71,7.7398
3035.32,100.73,7.7398
3036.32,101.15,7.7398
3037.33,100.63,7.7398
3038.33,101.09,7.7398
3039.33,100.74,7.7398
3040.33,100.67,7.7398
3041.33,101.18,7.7397
3042.33,100.59,7.7398
3043.33,100.5,7.7398
3044.34,101.06,7.7398
3045.34,100.62,7.7398
3046.34,100.66,7.7398
3047.34,101.14,7.7399
3048.34,100.66,7.7399
3049.34,100.69,7.7399
3050.34,101.13,7.7398
3051.34,100.74,7.7398
3052.35,100.72,7.7399
3053.35,100.99,7.7399
3054.35,100.7,7.7399
3055.35,100.68,7.7399
3056.35,101.13,7.7399
3057.35,100.76,7.7399
3058.35,100.71,7.7399
3059.36,101.12,7.7399
3060.36,100.69,7.7399
3061.36,100.69,7.7399
3062.36,101.2,7.7399
3063.36,100.69,7.7398
3064.36,101.14,7.7398
3065.36,100.7,7.7398
3066.37,100.74,7.7399
3067.37,101.08,7.7399
3068.37,100.72,7.7399
3069.37,100.66,7.7399
3070.37,101.09,7.7399
3071.37,100.74,7.7399
3072.37,101.18,7.7399
3073.38,100.63,7.7399
3074.38,135.02,7.7398
3075.38,106.06,7.7399
3076.38,117.12,7.74
3077.38,107.98,7.74
3078.38,103.12,7.7399
3079.38,102.03,7.7399
3080.39,227.5,7.7399
3081.39,106.56,7.74
3082.39,108.28,7.7399
3083.39,102.46,7.74
3084.39,101.6,7.7401
3085.39,100.57,7.7401
3086.39,100.57,7.7401
3087.39,101.03,7.7401
3088.4,100.53,7.7401
3089.4,100.54,7.7401
3090.4,100.95,7.7401
3091.4,100.57,7.7401
3092.4,100.77,7.7401
3093.4,100.93,7.7401
3094.41,100.54,7.7401
3095.41,100.93,7.7401
3096.41,100.56,7.7399
3097.41,100.6,7.74
3098.41,101.26,7.74
3099.41,100.73,7.74
3100.41,100.79,7.7399
3101.42,100.38,7.74
3102.42,100.44,7.7401
3103.42,100.85,7.7399
3104.42,102.73,7.7399
3105.42,100.74,7.7401
3106.42,101.11,7.7402
3107.43,100.72,7.7401
3108.43,100.63,7.7401
3109.43,101.08,7.7401
3110.43,100.7,7.74
3111.43,101.1,7.74
3112.43,100.68,7.7401
3113.43,100.77,7.7401
3114.44,101.05,7.7401
3115.44,100.73,7.7401
3116.44,101.32,7.7401
3117.44,101.14,7.7402
3118.44,100.7,7.7402
3119.44,100.72,7.7402
3120.44,101.09,7.7402
3121.45,140.93,7.7412
3122.45,103.32,7.7412
3123.45,101.58,7.7412
3124.45,100.64,7.7412
3125.45,101.02,7.7412
3126.45,100.73,7.7412
3127.45,100.65,7.7412
3128.46,101.56,7.7412
3129.46,100.63,7.7412
3130.46,100.65,7.7412
3131.46,107.44,7.7412
3132.46,100.74,7.7412
3133.46,101.1,7.7411
3134.46,100.82,7.7413
3135.46,100.68,7.7413
3136.47,100.74,7.7413
3137.47,101.1,7.7413
3138.47,100.7,7.7413
3139.47,103.55,7.7413
3140.47,100.62,7.7413
3141.47,100.69,7.7413
3142.48,102.34,7.7413
3143.48,100.43,7.7412
3144.48,100.54,7.7412
3145.48,100.86,7.7412
3146.48,100.53,7.7412
3147.48,100.98,7.7412
3148.48,100.65,7.7412
3149.49,139.22,7.7412
3150.49,101.53,7.7412
3151.49,100.75,7.7412
3152.49,100.8,7.7411
3153.49,101.11,7.7413
3154.49,100.7,7.7414
3155.5,101.07,7.7412
3156.5,100.62,7.7412
3157.5,100.66,7.7412
3158.5,101.13,7.7414
3159.5,100.69,7.7413
3160.5,100.51,7.7412
3161.5,101.05,7.7413
3162.51,100.56,7.7413
3163.51,100.94,7.7412
3164.51,100.51,7.7412
3165.51,100.54,7.7412
3166.51,100.95,7.7412
3167.51,100.64,7.7413
3168.51,100.62,7.7412
3169.51,101.1,7.7412
3170.52,100.51,7.7412
3171.52,100.67,7.7412
3172.52,101.11,7.7414
3173.52,100.59,7.7414
3174.52,100.6,7.7414
3175.52,100.99,7.7414
3176.53,100.62,7.7414
3177.53,100.59,7.7414
3178.53,101.0,7.7414
3179.53,100.6,7.7414
3180.53,101.05,7.7414
3181.53,100.66,7.7414
3182.53,100.53,7.7414
3183.54,100.86,7.7414
3184.54,100.59,7.7414
3185.54,100.73,7.7414
3186.54,101.01,7.7414
3187.54,100.53,7.7414
3188.54,100.51,7.7414
3189.54,100.54,7.7414
3190.54,100.86,7.7414
3191.55,100.56,7.7414
3192.55,102.28,7.7414
3193.55,100.61,7.7414
3194.55,100.62,7.7414
3195.55,101.07,7.7414
3196.55,100.63,7.7413
3197.55,100.62,7.7414
3198.55,101.03,7.7414
3199.56,100.72,7.7414
3200.56,100.64,7.7414
3201.56,100.67,7.7414
3202.56,101.93,7.7414
3203.56,100.63,7.7414
3204.56,101.01,7.7414
3205.56,100.62,7.7414
3206.57,100.64,7.7414
3207.57,111.48,7.7415
3208.57,100.63,7.7415
3209.57,102.74,7.7415
3210.57,101.17,7.7415
3211.57,100.73,7.7415
3212.57,101.18,7.7415
3213.58,100.7,7.7415
3214.58,100.69,7.7415
3215.58,101.05,7.7415
3216.58,100.72,7.7416
3217.58,100.69,7.7416
3218.58,137.4,7.7417
3219.59,103.8,7.7417
3220.59,101.08,7.7417
3221.59,100.69,7.7417
3222.59,100.75,7.7417
3223.59,101.1,7.7417
3224.59,100.68,7.7417
3225.59,100.69,7.7417
3226.6,101.49,7.7418
3227.6,100.77,7.7418
3228.6,100.7,7.7418
3229.6,101.09,7.7418
3230.6,100.76,7.7417
3231.6,100.74,7.7418
3232.6,101.23,7.7418
3233.6,100.69,7.7418
3234.61,100.7,7.7418
3235.61,101.11,7.7418
3236.61,100.73,7.7418
3237.61,100.68,7.7418
3238.61,101.08,7.7418
3239.61,100.7,7.7418
3240.61,100.5,7.7418
3241.62,101.11,7.7418
3242.62,100.84,7.7417
3243.62,100.64,7.7417
3244.62,101.1,7.7417
3245.62,100.71,7.7417
3246.62,101.15,7.7418
3247.62,100.72,7.7418
3248.63,100.73,7.7419
3249.63,101.12,7.7419
3250.63,100.7,7.7419
3251.63,101.11,7.7418
3252.63,100.74,7.7417
3253.63,100.68,7.7417
3254.64,101.04,7.7417
3255.64,100.6,7.7417
3256.64,100.73,7.7418
3257.64,101.1,7.7418
3258.64,100.68,7.7418
3259.64,101.1,7.7418
3260.64,100.77,7.7418
3261.65,100.7,7.7418
3262.65,101.13,7.7417
3263.65,100.64,7.7417
3264.65,100.48,7.7417
3265.65,100.76,7.7417
3266.65,100.46,7.7417
3267.65,100.14,7.7418
3268.65,101.14,7.7419
3269.66,100.7,7.7419
3270.66,100.5,7.7419
3271.66,100.95,7.7418
3272.66,100.77,7.742
3273.66,100.58,7.7421
3274.66,101.04,7.742
3275.67,138.51,7.9683
3276.67,101.12,7.9683
3277.67,100.71,7.9684
3278.67,100.64,7.9684
3279.67,101.1,7.9684
3280.67,100.55,7.9685
3281.67,101.02,7.9685
3282.68,100.68,7.9685
3283.68,100.6,7.9685
3284.68,101.0,7.9685
3285.68,100.57,7.9685
3286.68,100.67,7.9685
3287.68,101.02,7.9685
3288.69,100.51,7.9686
3289.69,100.94,7.9686
3290.69,100.55,7.9686
3291.69,102.54,7.9685
3292.69,100.93,7.9686
3293.69,100.56,7.9686
3294.69,100.56,7.9685
3295.7,100.97,7.9684
3296.7,100.58,7.9685
3297.7,100.85,7.9684
3298.7,100.44,7.9685
3299.7,100.49,7.9685
3300.7,100.92,7.9685
3301.71,100.74,7.9687
3302.71,100.78,7.9687
3303.71,101.07,7.9687
3304.71,100.64,7.9685
3305.71,101.1,7.9685
3306.71,100.72,7.9687
3307.71,100.7,7.9687
3308.71,101.18,7.9687
3309.72,100.69,7.9687
3310.72,100.68,7.9687
3311.72,101.15,7.9687
3312.72,100.75,7.9687
3313.72,100.66,7.9687
3314.72,101.08,7.9687
3315.73,100.69,7.9687
3316.73,101.15,7.9687
3317.73,100.67,7.9686
3318.73,100.68,7.9686
3319.73,101.08,7.9685
3320.73,100.58,7.9686
3321.73,100.71,7.9686
3322.73,101.13,7.9686
3323.74,100.51,7.9687
3324.74,100.46,7.9687
3325.74,100.87,7.9687
3326.74,100.49,7.9687
3327.74,100.43,7.9687
3328.74,100.83,7.9687
3329.74,100.49,7.9687
3330.75,100.51,8.0129
3331.75,100.96,8.1181
3332.75,100.56,8.2123
3333.75,100.99,8.3203
3334.75,100.69,8.4213
3335.75,100.74,8.5271
3336.76,101.14,8.547
3337.76,100.72,8.547
3338.76,100.67,8.5769
3339.76,160.06,8.8221
3340.76,116.78,8.8719
3341.76,100.73,8.8719
3342.76,101.13,8.8719
3343.76,100.68,8.8719
3344.77,100.66,8.8719
3345.77,101.07,8.872
3346.77,100.72,8.8721
3347.77,101.06,8.8721
3348.77,100.66,8.8721
3349.77,100.67,8.872
3350.78,100.9,8.872
3351.78,100.52,8.872
3352.78,100.52,8.8721
3353.78,100.87,8.8721
3354.78,100.66,8.8721
3355.78,101.02,8.872
3356.78,100.86,8.8719
3357.79,100.67,8.8719
3358.79,101.03,8.872
3359.79,100.66,8.872
3360.79,101.05,8.8719
3361.79,100.73,8.8719
3362.79,100.76,8.8719
3363.8,101.09,8.872
3364.8,100.66,8.872
3365.8,100.69,8.8722
3366.8,101.11,8.8722
3367.8,100.53,8.8722
3368.8,101.05,8.8722
3369.8,100.49,8.8722
3370.81,100.49,8.8722
3371.81,100.94,8.8722
3372.81,100.54,8.8722
3373.81,100.59,8.8721
3374.81,101.06,8.872
3375.81,100.69,8.872
3376.82,101.14,8.8721
3377.82,100.68,8.8721
3378.82,100.56,8.8721
3379.82,101.07,8.872
3380.82,100.69,8.8722
3381.82,101.13,8.8722
3382.82,100.73,8.872
3383.83,100.66,8.872
3384.83,101.06,8.872
3385.83,100.72,8.872
3386.83,100.69,8.872
3387.83,101.01,8.8721
3388.83,100.62,8.8721
3389.83,100.59,8.8721
3390.84,100.95,8.8721
3391.84,100.68,8.8721
3392.84,101.17,8.8722
3393.84,100.65,8.8721
3394.84,100.58,8.8723
3395.84,100.97,8.8722
3396.84,100.68,8.8722
3397.85,100.65,8.8722
3398.85,101.04,8.8722
3399.85,100.53,8.8722
3400.85,100.61,8.8722
3401.85,101.04,8.8723
3402.85,100.69,8.8723
3403.85,100.7,8.8723
3404.86,101.09,8.8723
3405.86,103.03,8.8755
3406.86,100.67,8.8755
3407.86,101.07,8.8755
3408.86,100.68,8.8755
3409.86,101.07,8.8755
3410.86,100.66,8.8754
3411.87,100.7,8.8755
3412.87,101.18,8.8755
3413.87,100.75,8.8755
3414.87,100.48,8.8755
3415.87,100.93,8.8756
3416.87,100.69,8.8756
3417.87,100.61,8.8756
3418.87,101.2,8.8755
3419.88,100.72,8.8755
3420.88,100.74,8.8755
3421.88,101.13,8.8756
3422.88,101.43,8.8756
3423.88,100.72,8.8756
3424.88,101.11,8.8756
3425.89,100.72,8.8756
3426.89,101.16,8.8756
3427.89,100.75,8.8756
3428.89,100.69,8.8754
3429.89,101.02,8.8754
3430.89,100.71,8.8755
3431.89,100.94,8.8757
3432.9,100.48,8.8754
3433.9,100.32,8.8756
3434.9,100.72,8.8756
3435.9,100.44,8.8754
3436.9,100.75,8.8756
3437.9,101.1,8.8756
3438.91,100.66,8.8756
3439.91,101.09,8.8756
3440.91,100.65,8.8756
3441.91,100.61,8.8756
3442.91,100.93,8.8756
3443.91,100.49,8.8756
3444.91,100.63,8.8756
3445.92,100.99,8.8756
3446.92,100.6,8.8756
3447.92,129.03,8.8756
3448.92,100.66,8.8756
3449.92,100.69,8.8756
3450.92,101.07,8.8756
3451.92,100.65,8.8756
3452.93,100.71,8.8756
3453.93,101.09,8.8756
3454.93,100.55,8.8756
3455.93,100.56,8.8756
3456.93,101.0,8.8756
3457.93,100.57,8.8756
3458.93,100.55,8.8756
3459.93,101.02,8.8756
3460.94,100.52,8.8757
3461.94,100.54,8.8757
3462.94,101.01,8.8756
3463.94,100.53,8.8756
3464.94,100.46,8.8756
3465.94,100.87,8.8756
3466.94,100.49,8.8756
3467.95,100.45,8.8757
3468.95,100.84,8.8757
3469.95,100.43,8.8757
3470.95,102.96,8.8775
3471.95,100.66,8.8776
3472.95,100.74,8.8776
3473.96,100.98,8.8776
3474.96,100.57,8.8776
3475.96,100.67,8.8776
3476.96,101.14,8.8776
3477.96,100.69,8.8776
3478.96,101.03,8.8776
3479.96,100.55,8.8776
3480.97,100.57,8.8776
3481.97,101.04,8.8776
3482.97,100.75,8.8777
3483.97,100.55,8.8777
3484.97,100.91,8.8777
3485.97,100.52,8.8777
3486.97,100.91,8.8777
3487.98,100.66,8.8777
3488.98,100.67,8.8777
3489.98,101.18,8.8777
3490.98,100.76,8.8777
3491.98,100.67,8.8776
3492.98,101.16,8.8776
3493.99,100.68,8.8776
3494.99,100.69,8.8776
3495.99,100.95,8.8776
3496.99,100.68,8.8776
3497.99,101.11,8.8776
3498.99,100.68,8.8776
3499.99,100.7,8.8776
3500.99,101.18,8.8776
3502.0,100.67,8.8776
3503.0,100.6,8.8776
3504.0,100.86,8.8776
3505.0,100.47,8.8776
3506.0,100.52,8.8776
3507.0,100.96,8.8776
3508.0,100.62,8.8776
3509.01,100.72,8.8776
3510.01,101.1,8.8776
3511.01,100.75,8.8776
3512.01,100.69,8.8776
3513.01,101.12,8.8776
3514.01,100.68,8.8776
3515.01,100.69,8.8776
3516.02,101.12,8.8776
3517.02,100.69,8.8776
3518.02,101.16,8.8776
3519.02,100.66,8.8776
3520.02,100.67,8.8776
3521.02,101.11,8.8776
3522.03,100.67,8.8777
3523.03,100.75,8.8777
3524.03,101.1,8.8777
3525.03,100.8,8.8777
3526.03,100.75,8.8777
3527.03,101.11,8.8778
3528.03,100.72,8.8778
3529.03,101.1,8.8778
3530.04,100.69,8.8778
3531.04,100.79,8.8778
3532.04,101.09,8.8778
3533.04,100.78,8.8778
3534.04,102.14,8.8789
3535.04,101.05,8.8789
3536.05,100.74,8.8789
3537.05,101.13,8.8789
3538.05,100.73,8.8789
3539.05,100.76,8.8789
3540.05,101.23,8.8789
3541.05,100.81,8.8789
3542.05,101.03,8.8789
3543.06,101.54,8.879
3544.06,100.51,8.879
3545.06,100.52,8.879
3546.06,100.95,8.879
3547.06,100.75,8.879
3548.06,101.31,8.879
3549.06,136.16,5.7002
3550.07,336.48,2.4071
3551.07,308.83,2.7415
3552.07,313.22,2.9141
3553.07,363.96,3.115
3554.07,339.06,3.3578
3555.07,271.29,3.5153
3556.07,255.78,3.6516
3557.07,297.73,3.8848
3558.08,232.92,4.0114
3559.08,100.8,4.0663
3560.08,272.57,4.2853
3561.08,313.16,4.5138
3562.08,321.02,4.9666
3563.08,244.45,5.5236
3564.08,298.77,6.1074
3565.09,210.34,6.6227
3566.09,258.21,7.1037
3567.09,206.42,2.232
3568.09,324.65,2.5748
3569.09,307.98,2.8638
3570.09,372.74,3.0181
3571.09,339.2,3.2212
3572.09,334.75,3.4495
3573.1,246.66,3.6333
3574.1,310.29,3.9331
3575.1,134.57,4.0346
3576.1,216.24,4.2204
3577.1,309.9,4.4566
3578.1,323.96,4.7973
3579.1,231.93,2.1713
3580.11,335.87,2.6245
3581.11,319.01,2.9426
3582.11,349.8,3.1495
3583.11,313.48,3.366
3584.11,286.2,3.6302
3585.11,278.67,3.859
3586.11,306.01,4.0808
3587.11,155.32,4.1696
3588.12,280.53,4.3518
3589.12,307.82,4.5056
3590.12,328.68,4.8696
3591.12,212.56,2.1788
3592.12,333.54,2.4472
3593.12,269.66,2.8186
3594.13,314.73,2.9414
3595.13,350.92,3.1316
3596.13,307.44,3.3424
3597.13,267.59,3.6547
3598.13,287.81,3.9473
3599.13,225.79,4.1191
3600.14,314.88,4.3713
3601.14,321.25,4.5966
3602.14,300.53,4.879
3603.14,170.22,5.2287
3604.14,159.99,2.165
3605.14,284.36,2.3996
3606.14,313.68,2.8873
3607.14,345.97,3.0559
3608.15,328.49,3.2411
3609.15,294.54,3.4787
3610.15,288.08,3.8034
3611.15,293.12,4.087
3612.15,244.39,4.2936
3613.16,301.44,4.5258
3614.16,311.67,4.9692
3615.16,267.56,2.4443
3616.16,308.95,2.9436
3617.16,353.41,3.1294
3618.16,327.88,3.2983
3619.16,268.95,3.5166
3620.17,299.14,3.8491
3621.17,238.32,4.0833
3622.17,318.51,4.3348
3623.17,310.06,4.5573
3624.17,264.5,2.4407
3625.17,361.64,2.6749
3626.17,337.72,3.0537
3627.17,304.06,2.1615
3628.18,300.86,2.5947
3629.18,319.34,2.9771
3630.18,362.75,3.1698
3631.18,310.01,3.4641
3632.18,325.2,3.7219
3633.18,275.92,2.254
3634.19,336.02,2.659
3635.19,314.04,2.992
3636.19,354.72,3.1738
3637.19,299.12,3.4414
3638.19,319.47,3.697
3639.19,255.91,2.2362
3640.2,330.38,2.5648
3641.2,296.06,2.8019
3642.2,340.27,3.0252
3643.2,346.86,3.3765
3644.2,342.26,3.543
3645.2,300.12,2.2418
3646.21,303.05,2.4697
3647.21,314.98,2.5859
3648.21,326.71,2.819
3649.21,307.9,3.0513
3650.21,310.7,3.366
3651.21,342.87,3.6013
3652.21,240.18,2.3637
3653.21,325.65,2.6007
3654.22,360.3,2.7957
3655.22,347.38,3.093
3656.22,321.22,3.4883
3657.22,271.65,2.4061
3658.22,234.95,2.2648
3659.23,312.12,2.4389
3660.23,309.09,2.3893
3661.23,360.69,2.6152
3662.23,339.51,2.9721
3663.23,311.06,2.1669
3664.23,304.24,2.5145
3665.23,365.05,2.6765
3666.23,275.36,2.371
3667.24,327.79,2.5648
3668.24,334.88,2.7009
3669.24,266.31,2.4132
3670.24,339.62,2.5659
3671.24,303.12,2.2911
3672.24,343.74,2.5398
3673.24,340.3,2.8546
3674.25,289.09,2.469
3675.25,279.21,2.2586
3676.25,320.23,2.4393
3677.25,202.68,0.3629
