scenario_jar,num_conflicts,num_scenarios
/home/oav2/miningframework/output/files/hbnpojogen/16f458ccc0b3675ec72a298481794ed4afd70666/original-without-dependencies/merge/hbnpojogen-core-1.4.32-jar-with-dependencies.jar,1,1
/home/oav2/miningframework/output/files/hprof-parser/3668fd734f79c2b949f0703654dfda812c800707/original-without-dependencies/merge/hprof-parser-1.0-SNAPSHOT.jar,1,1
/home/oav2/miningframework/output/files/helpscout-api-java/7dde5bbe5d07ba446e8d8b7b942d378b40f2b5c3/original-without-dependencies/merge/helpscout-api-1.0.jar,3,2
/home/oav2/miningframework/output/files/ldp-testsuite/a7515238ae8139c8d6b2ee7e042183294ca3869f/original-without-dependencies/merge/ldp-testsuite-1.0.0-SNAPSHOT.jar,14,1
/home/oav2/miningframework/output/files/jetty-bootstrap/17deab171882d57f5d02052ea6e631cb11aa0d55/original-without-dependencies/merge/jetty-bootstrap-standalone-1.0.4-SNAPSHOT.jar,2,1
/home/oav2/miningframework/output/files/google-oauth-plugin/94f08c7c32d576d99ddd3e215b67653fc99eaeca/original-without-dependencies/merge/google-oauth-plugin.jar,1,1
/home/oav2/miningframework/output/files/ec2-plugin/6520e9f879484a1b38e0abebc3b88de7662d2cb5/original-without-dependencies/merge/ec2.jar,1,1
/home/oav2/miningframework/output/files/active-directory-plugin/2ea4fe7df1bd84db4fc64f04053f6e23a3460df6/original-without-dependencies/merge/active-directory.jar,1,1
/home/oav2/miningframework/output/files/ldap-plugin/eea7336ee4cf2e275c469bea99f549eba74fdc2b/original-without-dependencies/merge/ldap.jar,2,1
/home/oav2/miningframework/output/files/log-parser-plugin/a4d0e3ca611eef6567b9ac34a8b8453a35fb4fd8/original-without-dependencies/merge/log-parser.jar,1,1
/home/oav2/miningframework/output/files/coverity-plugin/22b9d50b9e08c024210a30efab4f82b3933f56e6/original-without-dependencies/merge/coverity.jar,1,1
/home/oav2/miningframework/output/files/coverity-plugin/e6e4f8a32b62f8753af9950b4f434ec4e7ffd07f/original-without-dependencies/merge/coverity.jar,2,1
/home/oav2/miningframework/output/files/maven-hpi-plugin/d65f4ba879cf14e39c5e502787d736afa054ea92/original-without-dependencies/merge/maven-hpi-plugin-3.44-SNAPSHOT.jar,1,1
/home/oav2/miningframework/output/files/coverity-plugin/09ae8cd6353743a1ebbd9bbfb903b60d7c7bbf55/original-without-dependencies/merge/coverity.jar,8,4
/home/oav2/miningframework/output/files/jira-client/3bc59bcee2e94a0905d0325aa037ecf68133ca64/original-without-dependencies/merge/jira-client-0.5-SNAPSHOT.jar,2,1
/home/oav2/miningframework/output/files/hdt-java/cd88626a4e665e548f0981fdd26994e4819de68c/original-without-dependencies/merge/hdt-java-core-2.1-SNAPSHOT.jar,13,2
/home/oav2/miningframework/output/files/hdt-java/75f3d402bc177bac168e7ea810c16f6d98776f89/original-without-dependencies/merge/hdt-java-core-2.1-SNAPSHOT.jar,3,1
/home/oav2/miningframework/output/files/openkeepass/3dc44ae983c2022ca0544609982fcac1ec1bff0c/original-without-dependencies/merge/openkeepass-0.6.0-SNAPSHOT.jar,2,1
/home/oav2/miningframework/output/files/openkeepass/6218ade3f2e50f22e5e263714197f176e856c5a2/original-without-dependencies/merge/openkeepass-0.5.1-SNAPSHOT.jar,5,2
/home/oav2/miningframework/output/files/typescript-generator/1c03813f0d5593fbea4d3572a6ef028da3f034bd/original-without-dependencies/merge/typescript-generator-core-1.16-SNAPSHOT.jar,1,1
/home/oav2/miningframework/output/files/jqm4gwt/6513def00e116ce29ef9eaeae02e18b8ec9a41db/original-without-dependencies/merge/jqm4gwt-library-1.3.1-SNAPSHOT.jar,4,1
/home/oav2/miningframework/output/files/californium/88ff010738dcb2c9e0726af7b6a7feb4daf1f333/original-without-dependencies/merge/cf-helloworld-server-3.0.0-SNAPSHOT.jar,1,1
/home/oav2/miningframework/output/files/californium/4f29e53f0a4805f5a85c73d0bfa314606494611d/original-without-dependencies/merge/cf-helloworld-server-2.4.0-SNAPSHOT.jar,1,1
/home/oav2/miningframework/output/files/californium/14cecab828b7b2ee4aa3e1728dff84940404fb02/original-without-dependencies/merge/cf-helloworld-server-2.0.0-SNAPSHOT.jar,1,1
/home/oav2/miningframework/output/files/proguard-maven-plugin/f451e7e614d307e53025ba5738baa26724d3ad54/original-without-dependencies/merge/proguard-maven-plugin-2.1.1-SNAPSHOT.jar,4,1
/home/oav2/miningframework/output/files/proguard-maven-plugin/65fb4b434c390988653d6eec5ae61a4a60ef3f7a/original-without-dependencies/merge/proguard-maven-plugin-2.0.15-SNAPSHOT.jar,1,1
/home/oav2/miningframework/output/files/californium/82c3891f53102534d57b4ff829c957b9a44d79bd/original-without-dependencies/merge/cf-helloworld-server-2.0.0-SNAPSHOT.jar,2,1
/home/oav2/miningframework/output/files/californium/54e272279f793bc458312aeab5105779434513e3/original-without-dependencies/merge/cf-helloworld-server-2.0.0-SNAPSHOT.jar,1,1
/home/oav2/miningframework/output/files/californium/677286ef24f95757ec5b9ec89648a99bba9bdd67/original-without-dependencies/merge/californium-core-2.0.0-SNAPSHOT.jar,1,1
/home/oav2/miningframework/output/files/jndn/62f89871b57a8bc206428dacff6bde4e6fd305c3/original-without-dependencies/merge/jndn-0.7.jar,1,1
/home/oav2/miningframework/output/files/spark/86bef5bbb81339f758b65b80a8488c5a10ef4d41/original-without-dependencies/merge/spark-core-2.5.6-SNAPSHOT.jar,1,1
/home/oav2/miningframework/output/files/spark/d8f6320e4c6d98ce16ebc33f07700bee9a95ae24/original-without-dependencies/merge/spark-core-2.5.3-SNAPSHOT.jar,1,1
/home/oav2/miningframework/output/files/pom-manipulation-ext/a282eb864b0390a93e0559ccce1cfa4ab624112b/original-without-dependencies/merge/pom-manipulation-io-3.7-SNAPSHOT.jar,1,1
/home/oav2/miningframework/output/files/designwizard/58fcd555cc6909bb7ca3df27d277600d8c871a81/original-without-dependencies/merge/designwizard-1.5-SNAPSHOT.jar,3,1
/home/oav2/miningframework/output/files/bioformats/610943fe9c1095e525a242533116e473616e16c6/original-without-dependencies/merge/formats-gpl-5.9.0-SNAPSHOT.jar,1,1
/home/oav2/miningframework/output/files/bioformats/610943fe9c1095e525a242533116e473616e16c6/original-without-dependencies/merge/formats-bsd-5.9.0-SNAPSHOT.jar,7,1
/home/oav2/miningframework/output/files/jadb/6c84fe654222121475fb066fd217db3143fb901a/original-without-dependencies/merge/jadb-1.1.0-SNAPSHOT.jar,1,1
/home/oav2/miningframework/output/files/spotify-web-api-java/e836da54e76e85cf60a2b34fc264e75a21d6f97a/original-without-dependencies/merge/spotify-web-api-java-9.0.0-RC1.jar,1,1
/home/oav2/miningframework/output/files/launch4j-maven-plugin/fa32ac37750ca59daf0bc99d03ab1bf20c2f03ea/original-without-dependencies/merge/launch4j-maven-plugin-1.7.9-SNAPSHOT.jar,3,2
/home/oav2/miningframework/output/files/auto-matter/5739d194fb360dde65820538263efddba683785f/original-without-dependencies/merge/auto-matter-0.15.1-SNAPSHOT.jar,3,3
/home/oav2/miningframework/output/files/jbake-maven-plugin/34fe642a4dd2f95ef72208fb0b7cea663e40f3ad/original-without-dependencies/merge/jbake-maven-plugin-0.0.10-SNAPSHOT.jar,1,1
/home/oav2/miningframework/output/files/migration-tools/de0e2f210167f6fea3a5a9937dfe42e1dccb4ddb/original-without-dependencies/merge/nuodb-migrator-core-2.0-SNAPSHOT.jar,33,5
/home/oav2/miningframework/output/files/mongodb-async-driver/d2f6677f0192ca72fb886a38029b7690dabcc7a0/original-without-dependencies/merge/mongodb-async-driver-1.2.4-SNAPSHOT.jar,1,1
/home/oav2/miningframework/output/files/mongodb-async-driver/2df4f3664dbf6f7217cd03ea369c9f7d28427892/original-without-dependencies/merge/mongodb-async-driver-1.1.0-SNAPSHOT.jar,1,1
/home/oav2/miningframework/output/files/vectorz/889e8999395fb5f60266d32bec790fc2ad3daeb8/original-without-dependencies/merge/vectorz-0.33.1-SNAPSHOT.jar,1,1
/home/oav2/miningframework/output/files/scim-schema/3f675dd978c33c6f953bfda952bf10707d8a35b0/original-without-dependencies/merge/scim-schema-0.40-SNAPSHOT.jar,1,1
/home/oav2/miningframework/output/files/vraptor-test/1c3d2c41ff4296c14871ee53be77059a2467b0d8/original-without-dependencies/merge/vraptor-test-4.0.1-SNAPSHOT.jar,1,1
/home/oav2/miningframework/output/files/iban4j/52ace4f3cfdb442793c5a0b0f4b58c8fa5397c69/original-without-dependencies/merge/iban4j-3.2.4-RELEASE.jar,3,1
/home/oav2/miningframework/output/files/iban4j/f3bf7d2b03dc703f74882f2f478e90e86db121a1/original-without-dependencies/merge/iban4j-3.2.3-RELEASE.jar,4,1
/home/oav2/miningframework/output/files/iban4j/cb73f417d976a89c1b5066506a6ec368556845f6/original-without-dependencies/merge/iban4j-3.2.2-RELEASE.jar,1,1
/home/oav2/miningframework/output/files/canal/10930b9e3d7a006f4c1c0eba42dfa6bfddc0a468/original-without-dependencies/merge/canal.parse-1.0.21-SNAPSHOT.jar,3,1
/home/oav2/miningframework/output/files/roller/a963bb123df4591e12bfc0511791d9c79a71c0f7/original-without-dependencies/merge/roller-classes.jar,1,1
/home/oav2/miningframework/output/files/accumulo/7688eaf0b684a2bb76a0b49bff9a79763d41a8e5/original-without-dependencies/merge/accumulo-fate-1.6.0-SNAPSHOT.jar,1,1
/home/oav2/miningframework/output/files/accumulo/8312b0740ecdfaff7afd963e8bab91a0bfdeafd1/original-without-dependencies/merge/accumulo-core-1.6.0-SNAPSHOT.jar,3,1
/home/oav2/miningframework/output/files/staxmapper/8df8c6aad07328ccec3c4326485074342d85673b/original-without-dependencies/merge/staxmapper-1.2.0.Beta1-SNAPSHOT.jar,1,1
/home/oav2/miningframework/output/files/remoting-jmx/de3218ef58ebd3293e2afbe472f5a90f5c33e0e0/original-without-dependencies/merge/remoting-jmx-3.0.5.CR1-SNAPSHOT.jar,6,2
/home/oav2/miningframework/output/files/discovery/99c2bc3a686bfaa15e56484c3828e1fb0e17cfd6/original-without-dependencies/merge/discovery-plugin-strategy-starter-gateway-6.11.0-SNAPSHOT.jar,1,1
/home/oav2/miningframework/output/files/discovery/b71b398b74eea4b8684bfdb091c43e58b627403d/original-without-dependencies/merge/discovery-plugin-strategy-starter-gateway-6.11.0-SNAPSHOT.jar,1,1
/home/oav2/miningframework/output/files/onebusaway-application-modules/ba2d6fe10eae216d17524dc64f80ae34df5adef6/original-without-dependencies/merge/onebusaway-phone-2.3.4-cs-SNAPSHOT-withAllDependencies.jar,1,1
/home/oav2/miningframework/output/files/onebusaway-application-modules/a21c48b8807544c88faf02f00c51ae2bd26d3d8b/original-without-dependencies/merge/onebusaway-phone-2.2.8-cs-SNAPSHOT-withAllDependencies.jar,1,1
/home/oav2/miningframework/output/files/nfe/a4be269d5dc77dafeedaa7986ce331f1dac5bfae/original-without-dependencies/merge/nfe-3.0.31-SNAPSHOT.jar,1,1
/home/oav2/miningframework/output/files/nfe/4ac342c432689950341e05b7e8397f2ff793dbe4/original-without-dependencies/merge/nfe-3.0.6-SNAPSHOT.jar,2,2
/home/oav2/miningframework/output/files/nfe/e844ec0fb51e9a8692e52dd917a51c8f6efbad5c/original-without-dependencies/merge/nfe-3.0.1-SNAPSHOT.jar,3,1
/home/oav2/miningframework/output/files/dcm4che/751257d4699542e73929367a83fe59d2989fafca/original-without-dependencies/merge/dcm4che-imageio-opencv-5.23.0.jar,1,1
/home/oav2/miningframework/output/files/datasift-java/be06e5debddb07eb337ae8c84897bc47873f59f7/original-without-dependencies/merge/datasift-java-2.1.0.jar,2,1
/home/oav2/miningframework/output/files/datasift-java/27ae5e0af9801b9e37cd960e12136404eae3676e/original-without-dependencies/merge/datasift-java-1.1.1-SNAPSHOT.jar,6,2
/home/oav2/miningframework/output/files/datasift-java/63473e61923aeb786325b6edf3828aa7538be0e6/original-without-dependencies/merge/datasift-java-1.1.0-SNAPSHOT.jar,2,2
/home/oav2/miningframework/output/files/orientdb-etl/889e65b57d07559f507bcef0e966f6f0612ae9dd/original-without-dependencies/merge/orientdb-etl-2.1.3.jar,3,2
/home/oav2/miningframework/output/files/camus/94ecd8cac46d23ae6dfd40fb37d149660ed2cf34/original-without-dependencies/merge/camus-sweeper-0.1.0-SNAPSHOT.jar,2,1
/home/oav2/miningframework/output/files/geoserver-manager/352e241e0bf2b9c4a7d640dd5ca7795e1b5d303a/original-without-dependencies/merge/geoserver-manager-1.2-SNAPSHOT.jar,6,3
/home/oav2/miningframework/output/files/jsondiff/4ac27123bccc0e733c27d3be222175e4862a5869/original-without-dependencies/merge/jsondiff-1.0-SNAPSHOT.jar,1,1
/home/oav2/miningframework/output/files/jsondiff/cd3cba0a2fcc4f07a4e04f0e729962c2bbd6b769/original-without-dependencies/merge/jsondiff-1.0-SNAPSHOT.jar,2,1
/home/oav2/miningframework/output/files/jruby-maven-plugins/9a1038d1343abc2df3ead351e22d7d481bbdffbe/original-without-dependencies/merge/gemify-maven-plugin-0.22.0-SNAPSHOT.jar,1,1
/home/oav2/miningframework/output/files/jruby-maven-plugins/1b783e16c0c48cfd4ac14e4bb393963879969688/original-without-dependencies/merge/gem-maven-plugin-0.22.0-SNAPSHOT.jar,7,1
/home/oav2/miningframework/output/files/flyingsaucer/3f9940081e8b9710f6855a05c8dcfda73103545d/original-without-dependencies/merge/flying-saucer-pdf-9.0.10-SNAPSHOT.jar,1,1
/home/oav2/miningframework/output/files/asterisk-java/c2e7dc11a5842730c43dea7f8a0f7b7f9cc1f8ee/original-without-dependencies/merge/asterisk-java.jar,3,2
/home/oav2/miningframework/output/files/asterisk-java/d051cefe929eeba446139b2480f4e6006502d896/original-without-dependencies/merge/asterisk-java.jar,1,1
/home/oav2/miningframework/output/files/asterisk-java/b07617fe185d57dd38980993e1934d68e7e6c0c6/original-without-dependencies/merge/asterisk-java.jar,1,1
/home/oav2/miningframework/output/files/asterisk-java/a4b27137cc92af086da78fdfb634a441cb07e1d0/original-without-dependencies/merge/asterisk-java.jar,1,1
/home/oav2/miningframework/output/files/hawtjni/c0cfb2558b8e11edd224f08fd7da6daa84876b34/original-without-dependencies/merge/hawtjni-runtime-1.17-SNAPSHOT.jar,1,1
/home/oav2/miningframework/output/files/swagger-maven-plugin/5e2ac85d33d0bf03ac6148743931507b778991a3/original-without-dependencies/merge/swagger-maven-plugin-3.1.7-SNAPSHOT.jar,2,1
/home/oav2/miningframework/output/files/camel-ironmq/7b8e755aa410ddd2841a5471f78bf5256a647b76/original-without-dependencies/merge/camel-ironmq-2.15.3.jar,1,1
/home/oav2/miningframework/output/files/movsim/633cf8a7804a537c3b908eff2ec21dc4213d9b77/original-without-dependencies/merge/MovsimCore-1.6.0-SNAPSHOT.jar,2,1
/home/oav2/miningframework/output/files/checksum-maven-plugin/64d5937cfbe053b0773e365369d661c06bc34ba4/original-without-dependencies/merge/checksum-maven-plugin-1.3-SNAPSHOT.jar,2,2
/home/oav2/miningframework/output/files/mybatis-3/40872421fec3524a83f1ed5fd9df28c25e3db46d/original-without-dependencies/merge/original-mybatis-3.4.5-SNAPSHOT.jar,1,1
/home/oav2/miningframework/output/files/movsim/dda7cfc15c5dc1102f21327f720973fa36dbc38b/original-without-dependencies/merge/movsim-0.1.jar,1,1
/home/oav2/miningframework/output/files/substeps-core/f51e19b36c2a13d3d11fe9744381a0c910d61c6f/original-without-dependencies/merge/substeps-core.jar,2,2
/home/oav2/miningframework/output/files/azure-tables-hadoop/f5ae55a8d5024fba05bd9a188ae18116b624a69d/original-without-dependencies/merge/microsoft-hadoop-azure-0.0.2.jar,3,1
/home/oav2/miningframework/output/files/otr4j/445fe2a8ad55d7da4043a22a4adc2c09ee4097f4/original-without-dependencies/merge/org.otr4j-0.23-SNAPSHOT.jar,4,2
/home/oav2/miningframework/output/files/lyra/14e69c369afca578a1fd2796c2f6588f2cfe90b8/original-without-dependencies/merge/lyra-0.3.2-SNAPSHOT.jar,19,3
/home/oav2/miningframework/output/files/shazamcrest/9be9807f1cf79c5a11d69fde25afc99f3fb2f40c/original-without-dependencies/merge/shazamcrest-0.11-SNAPSHOT.jar,1,1
/home/oav2/miningframework/output/files/hdiv/2f9993190a5d9e153c693e8060ef8050f2fe2baa/original-without-dependencies/merge/hdiv-core-3.1.0-SNAPSHOT.jar,1,1
/home/oav2/miningframework/output/files/ninja/335e2c3e80a2687ceb8ae90a08a6228ef6daef02/original-without-dependencies/merge/ninja-core-5.1.5-SNAPSHOT.jar,9,1
/home/oav2/miningframework/output/files/sdk-java/afce3a22ad47ca4eb3292a0285d378c4ae4cc605/original-without-dependencies/merge/sdk-java-2.0.0-SNAPSHOT.jar,2,2
/home/oav2/miningframework/output/files/jboss-remoting/fa12e275a2d217fdbf49a391aac7cf7b33b842ee/original-without-dependencies/merge/jboss-remoting-5.1.0.Final-SNAPSHOT.jar,1,1
/home/oav2/miningframework/output/files/jboss-remoting/85eb87e2f2ab1f476fa8a6afbaed720c885de295/original-without-dependencies/merge/jboss-remoting-5.0.1.Final-SNAPSHOT.jar,1,1
/home/oav2/miningframework/output/files/name-parser/3c1d815c087b4201c84f5bae97c9760487776e06/original-without-dependencies/merge/name-parser-api-3.8.6-SNAPSHOT-tests.jar,1,1
/home/oav2/miningframework/output/files/qlrm/e03f1617f3978b3a1906f96e92317514eef243ff/original-without-dependencies/merge/qlrm-1.6.5-SNAPSHOT.jar,3,3
/home/oav2/miningframework/output/files/redpen/cdc1310dbdc5ff2636e233c49ef4ef018d1c5f36/original-without-dependencies/merge/redpen-core-1.5.6-SNAPSHOT.jar,1,1
/home/oav2/miningframework/output/files/redpen/6070b11414a006e8f3c05e457543200a9f558809/original-without-dependencies/merge/redpen-core-1.5.6-SNAPSHOT.jar,1,1
/home/oav2/miningframework/output/files/jline2/5acfe5945383a620910a2d78eb131af86efe7022/original-without-dependencies/merge/jline-2.7-SNAPSHOT.jar,1,1
/home/oav2/miningframework/output/files/pebble/aa932204dedbe24bdefeb75593385eb0c091e7f7/original-without-dependencies/merge/pebble-3.0.0-SNAPSHOT-jar-with-dependencies.jar,6,3
/home/oav2/miningframework/output/files/pebble/b092f5eee672fdf7f8100336b35e37a9876f6f72/original-without-dependencies/merge/pebble-3.0.0-SNAPSHOT-jar-with-dependencies.jar,6,3
/home/oav2/miningframework/output/files/pebble/c8c30f79bfa1849d04e41ed14402ddc2f2746fe9/original-without-dependencies/merge/pebble-3.0.0-SNAPSHOT-jar-with-dependencies.jar,6,3
/home/oav2/miningframework/output/files/pebble/a0e7bc09e4cfff141e0e05d2e788b07919b78995/original-without-dependencies/merge/pebble-3.0.0-SNAPSHOT-jar-with-dependencies.jar,3,3
/home/oav2/miningframework/output/files/pebble/5e0ae828b608474920471010ea6f02a4ba92ef34/original-without-dependencies/merge/pebble-2.3.1-SNAPSHOT.jar,3,3
/home/oav2/miningframework/output/files/overture/f423e657f18ee0f6035dcc2f58f542a1dc745ae5/original-without-dependencies/merge/pog-2.0.0-SNAPSHOT.jar,1,1
/home/oav2/miningframework/output/files/overture/183044a608970fa550c097fdd98216a182cc895d/original-without-dependencies/merge/commandlinetool-2.6.5-SNAPSHOT-jar-with-dependencies.jar,1,1
/home/oav2/miningframework/output/files/elasticsearch-analysis-morfologik/6024cb183c93a9bcde34205c97b4a1dfb3694ac5/original-without-dependencies/merge/elasticsearch-analysis-morfologik-2.1.jar,2,1
/home/oav2/miningframework/output/files/dyn4j/b6c114ea1ff974840b5daa3092732877134ecda2/original-without-dependencies/merge/dyn4j-4.1.0.jar,3,1
/home/oav2/miningframework/output/files/openpnp/85c5f5a92da17f7c19492293df0c5369d4c04c3d/original-without-dependencies/merge/openpnp-gui-0.0.1-alpha-SNAPSHOT.jar,2,1
/home/oav2/miningframework/output/files/openpnp/a3cca4dababa7940c7cc5a86cfbd89ccf21e6cbf/original-without-dependencies/merge/openpnp-gui-0.0.1-alpha-SNAPSHOT.jar,1,1
/home/oav2/miningframework/output/files/openpnp/f1d9c747ac3d7f0376b56e1c81f4da617f396e98/original-without-dependencies/merge/openpnp-gui-0.0.1-alpha-SNAPSHOT.jar,4,1
/home/oav2/miningframework/output/files/openpnp/db3203525ab5fe997c4cf7f90dce74d9d5c74943/original-without-dependencies/merge/openpnp-gui-0.0.1-alpha-SNAPSHOT.jar,3,1
/home/oav2/miningframework/output/files/openpnp/d1778a6820a095395d408955ba274ebdefe546e2/original-without-dependencies/merge/openpnp-gui-0.0.1-alpha-SNAPSHOT.jar,1,1
/home/oav2/miningframework/output/files/ohc/cf706bb89ebae023432c2bbd949266bfd68401e8/original-without-dependencies/merge/ohc-jmh-0.6.0-benchmarks.jar,1,1
/home/oav2/miningframework/output/files/jbox2d/6c7d53a0ccf1fe88f0cd1debaf7389b52810e14d/original-without-dependencies/merge/jbox2d-library-2.2.1.2-SNAPSHOT.jar,3,1
/home/oav2/miningframework/output/files/jcabi-github/70a85681b5440ecdadd24e346039ddebc81e965d/original-without-dependencies/merge/jcabi-github-1.0-SNAPSHOT.jar,7,1
/home/oav2/miningframework/output/files/couchdb-lucene/a26642d5ab84f52d51eca92ce9ee594420eb719e/original-without-dependencies/merge/couchdb-lucene-0.6-SNAPSHOT.jar,8,2
/home/oav2/miningframework/output/files/jcabi-github/b753098546c4fce159d88e863277216c3ec2e845/original-without-dependencies/merge/jcabi-github-1.0-SNAPSHOT.jar,1,1
/home/oav2/miningframework/output/files/atom-hopper/5addacd45fc6c2c434d877a5a15f78af9c7674be/original-without-dependencies/merge/core-0.9.6-SNAPSHOT.jar,3,1
/home/oav2/miningframework/output/files/galen/ac103adc6ff68969627d7df20590a8177c24af19/original-without-dependencies/merge/galen-1.0.5-SNAPSHOT.jar,2,2
/home/oav2/miningframework/output/files/rabbitmq-flume-plugin/ed70b2c5c33b52017f2528a587894c01be750ed7/original-without-dependencies/merge/rabbitmq-flume-plugin-1.0.3-customheaders-0.1.jar,2,1
/home/oav2/miningframework/output/files/garbagecat/4af1d9c4fc71246add443b99af9cc47e5464aa89/original-without-dependencies/merge/garbagecat-2.0.1.jar,1,1
/home/oav2/miningframework/output/files/hdfs2cass/d9ccc2bac7fe1bbb5a690b6a95ab80eac4e0fa36/original-without-dependencies/merge/spotify-hdfs2cass-2.5.jar,1,1
/home/oav2/miningframework/output/files/gelfj/f57a572d8c372b60afde1f1f300fdb93e3d1a194/original-without-dependencies/merge/gelfj-1.0.jar,1,1
/home/oav2/miningframework/output/files/quickfixj/f4ed6a1a1b6ddc9db7bee5ad5368116210f8f0b8/original-without-dependencies/merge/quickfixj-examples-executor-3.0.0-SNAPSHOT-standalone.jar,1,1
/home/oav2/miningframework/output/files/aeolus/85127f4c5b94cc63493a78baf3bcb0f703a4bca5/original-without-dependencies/merge/lrb-1.0-SNAPSHOT.jar,14,1
/home/oav2/miningframework/output/files/config-magic/a7953193ae2e296565ecee2809830b5abb3a3bb7/original-without-dependencies/merge/original-config-magic-0.14-SNAPSHOT.jar,3,2
/home/oav2/miningframework/output/files/jdbi3/9f40c034b7d4b1a262f723ec81a630d1ebeb31bd/original-without-dependencies/merge/jdbi3-0.1-SNAPSHOT.jar,2,1
/home/oav2/miningframework/output/files/xml-avro/0b17578deda5b3cf81a58e86016a82b34df1fbc3/original-without-dependencies/merge/xml-avro-0.0.1-SNAPSHOT.jar,2,1
/home/oav2/miningframework/output/files/xml-avro/4459180f2931d596524621a3b388e756cc4a22e9/original-without-dependencies/merge/xml-avro-0.0.1-SNAPSHOT.jar,1,1
/home/oav2/miningframework/output/files/apgdiff/6184333a9bab436893e9d501b6cdba86b0c4b0c8/original-without-dependencies/merge/apgdiff-2.6.0.jar,1,1
/home/oav2/miningframework/output/files/apgdiff/df3a67acdd167f1c2af1b52bb94e8580ce323e43/original-without-dependencies/merge/apgdiff-2.5.0-SNAPSHOT.jar,2,1
/home/oav2/miningframework/output/files/apgdiff/f8a63c5f0ad47c6bbb48220fffad3a1d0889bb3b/original-without-dependencies/merge/apgdiff-2.4.1-SNAPSHOT.jar,1,1
/home/oav2/miningframework/output/files/apgdiff/b7a925d5cb97bb0f5bf28e432599e28ff5d18d8a/original-without-dependencies/merge/apgdiff-2.4.1-SNAPSHOT.jar,2,1
/home/oav2/miningframework/output/files/apgdiff/f5411ae844bff589367f10ab780062ef97dd8ca5/original-without-dependencies/merge/apgdiff-2.3-SNAPSHOT.jar,2,1
/home/oav2/miningframework/output/files/apgdiff/bae5ff1ab1298dcf57b4b691e2cfbe6498201d05/original-without-dependencies/merge/apgdiff-2.3-SNAPSHOT.jar,2,1
/home/oav2/miningframework/output/files/apgdiff/969537124e1b37732eb6bf02926238ec18dc7c3e/original-without-dependencies/merge/apgdiff-2.3-SNAPSHOT.jar,1,1
/home/oav2/miningframework/output/files/swagger-parser/3313d11137f5707d9273dffa1ab23a77f4ef1a96/original-without-dependencies/merge/swagger-parser-v3-2.0.24-SNAPSHOT.jar,1,1
/home/oav2/miningframework/output/files/swagger-parser/3b00f2990dbc8aa4f4bddeac1926c18f943dcec4/original-without-dependencies/merge/swagger-parser-v3-2.0.13-SNAPSHOT.jar,5,1
/home/oav2/miningframework/output/files/swagger-parser/23dc3430c2fb8874afd0a88ffbaac16b1283dbeb/original-without-dependencies/merge/swagger-parser-v3-2.0.2-SNAPSHOT.jar,1,1
/home/oav2/miningframework/output/files/swagger-parser/9bd3910e741bbf9612deed248dfe61c51afa41b6/original-without-dependencies/merge/swagger-parser-1.0.23-SNAPSHOT.jar,1,1
/home/oav2/miningframework/output/files/gs-core/99ccebee6bc0cef9bd01204a5334ddcccfbb4d16/original-without-dependencies/merge/gs-core-2.0.0-SNAPSHOT.jar,3,2
/home/oav2/miningframework/output/files/jsonld-java/67ce1f47c7e559fb636cf7c5a1cd2d5950990156/original-without-dependencies/merge/jsonld-java-0.11.0-SNAPSHOT.jar,1,1
/home/oav2/miningframework/output/files/omnisecurity/709bf9a6157b4b5ff8defca103c94811a87c0c04/original-without-dependencies/merge/omnifaces-security-0.1-SNAPSHOT.jar,2,1
/home/oav2/miningframework/output/files/firefly/7c207900f6cb1bb9eca2ab0d127b42442231b0fd/original-without-dependencies/merge/firefly-nettool.jar,2,1
/home/oav2/miningframework/output/files/xdi2/eb0bebb706227aea2ddd7fbdb01fd0d5d7c77038/original-without-dependencies/merge/xdi2-core-0.7-SNAPSHOT.jar,6,2
/home/oav2/miningframework/output/files/xdi2/7618906e7fe1505c0bfe64cff226298032c7e49f/original-without-dependencies/merge/xdi2-client-0.1-SNAPSHOT.jar,2,1
/home/oav2/miningframework/output/files/jgrapht/a1da34c8f43a243454808270f60c9a223086a167/original-without-dependencies/merge/jgrapht-io-1.1.1-SNAPSHOT-uber.jar,1,1
/home/oav2/miningframework/output/files/jgrapht/f1961d7d4809ba4ac3dc8ab59f88d269d1ebdec0/original-without-dependencies/merge/jgrapht-io-1.1.1-SNAPSHOT-uber.jar,1,1
/home/oav2/miningframework/output/files/ob1k/821f116c59b62c50d5f7fc3a99edcb5a83b02f56/original-without-dependencies/merge/ob1k-consul-0.145-SNAPSHOT.jar,1,1
/home/oav2/miningframework/output/files/fastweixin/0519f3179f85a6f22a87251442e898f49ad53d7c/original-without-dependencies/merge/fastweixin.jar,1,1
/home/oav2/miningframework/output/files/fastweixin/53b5138ff7f9f52933a2c6b0c0d2cb102f503b68/original-without-dependencies/merge/fastweixin.jar,2,1
/home/oav2/miningframework/output/files/splunk-library-javalogging/f80bc59f417077de739ae23c10be9b1658219bed/original-without-dependencies/merge/splunk-library-javalogging-1.8.0.jar,1,1
/home/oav2/miningframework/output/files/structr/970ffd3236d38988dc90f3fd659acb693e3d8740/original-without-dependencies/merge/structr-core-3.6-SNAPSHOT.jar,4,1
/home/oav2/miningframework/output/files/nar-maven-plugin/436a5cc07ad6d54972e719e8f23d0265593632e2/original-without-dependencies/merge/nar-maven-plugin-3.5.2-SNAPSHOT.jar,2,1
/home/oav2/miningframework/output/files/assertj-assertions-generator/e9c59be58d0f5f8598375f4031f5f06ac0f1cdcc/original-without-dependencies/merge/assertion-generator.jar,1,1
/home/oav2/miningframework/output/files/docker-java/62843f36d4563fb512f037e0b8b7418aa0a33765/original-without-dependencies/merge/docker-java-0.6.1-SNAPSHOT.jar,1,1
/home/oav2/miningframework/output/files/assertj-assertions-generator/90ea9aa591a04829f67fe32d1f2f97fa3ca20064/original-without-dependencies/merge/assertion-generator.jar,2,2
