conflict_index,left_stacktrace_length,right_stacktrace_length,conflict_depth,stacktrace_diff,same_class,same_method,scenario_jar,scenario_index
0,8,8,8,0,True,True,/home/miningframework/output/files/hbnpojogen/16f458ccc0b3675ec72a298481794ed4afd70666/original-without-dependencies/merge/hbnpojogen-core-1.4.32-jar-with-dependencies.jar,0
1,2,3,3,1,True,True,/home/miningframework/output/files/hprof-parser/3668fd734f79c2b949f0703654dfda812c800707/original-without-dependencies/merge/hprof-parser-1.0-SNAPSHOT.jar,1
2,1,1,1,0,True,True,/home/miningframework/output/files/ldp-testsuite/a7515238ae8139c8d6b2ee7e042183294ca3869f/original-without-dependencies/merge/ldp-testsuite-1.0.0-SNAPSHOT-shaded.jar,2
3,1,1,1,0,True,True,/home/miningframework/output/files/ldp-testsuite/a7515238ae8139c8d6b2ee7e042183294ca3869f/original-without-dependencies/merge/ldp-testsuite-1.0.0-SNAPSHOT-shaded.jar,2
4,1,1,1,0,True,True,/home/miningframework/output/files/ldp-testsuite/a7515238ae8139c8d6b2ee7e042183294ca3869f/original-without-dependencies/merge/ldp-testsuite-1.0.0-SNAPSHOT-shaded.jar,2
5,4,4,4,0,True,True,/home/miningframework/output/files/ldp-testsuite/a7515238ae8139c8d6b2ee7e042183294ca3869f/original-without-dependencies/merge/ldp-testsuite-1.0.0-SNAPSHOT-shaded.jar,2
6,8,8,8,0,True,True,/home/miningframework/output/files/ldp-testsuite/a7515238ae8139c8d6b2ee7e042183294ca3869f/original-without-dependencies/merge/ldp-testsuite-1.0.0-SNAPSHOT-shaded.jar,2
7,3,3,3,0,True,True,/home/miningframework/output/files/ldp-testsuite/a7515238ae8139c8d6b2ee7e042183294ca3869f/original-without-dependencies/merge/ldp-testsuite-1.0.0-SNAPSHOT-shaded.jar,2
8,4,4,4,0,True,True,/home/miningframework/output/files/ldp-testsuite/a7515238ae8139c8d6b2ee7e042183294ca3869f/original-without-dependencies/merge/ldp-testsuite-1.0.0-SNAPSHOT-shaded.jar,2
9,5,5,5,0,True,True,/home/miningframework/output/files/ldp-testsuite/a7515238ae8139c8d6b2ee7e042183294ca3869f/original-without-dependencies/merge/ldp-testsuite-1.0.0-SNAPSHOT-shaded.jar,2
10,1,1,1,0,True,True,/home/miningframework/output/files/ldp-testsuite/a7515238ae8139c8d6b2ee7e042183294ca3869f/original-without-dependencies/merge/ldp-testsuite-1.0.0-SNAPSHOT-shaded.jar,2
11,1,1,1,0,True,True,/home/miningframework/output/files/ldp-testsuite/a7515238ae8139c8d6b2ee7e042183294ca3869f/original-without-dependencies/merge/ldp-testsuite-1.0.0-SNAPSHOT-shaded.jar,2
12,1,1,1,0,True,True,/home/miningframework/output/files/ldp-testsuite/a7515238ae8139c8d6b2ee7e042183294ca3869f/original-without-dependencies/merge/ldp-testsuite-1.0.0-SNAPSHOT-shaded.jar,2
13,1,1,1,0,True,True,/home/miningframework/output/files/ldp-testsuite/a7515238ae8139c8d6b2ee7e042183294ca3869f/original-without-dependencies/merge/ldp-testsuite-1.0.0-SNAPSHOT-shaded.jar,2
14,1,1,1,0,True,True,/home/miningframework/output/files/ldp-testsuite/a7515238ae8139c8d6b2ee7e042183294ca3869f/original-without-dependencies/merge/ldp-testsuite-1.0.0-SNAPSHOT-shaded.jar,2
15,1,1,1,0,True,True,/home/miningframework/output/files/ldp-testsuite/a7515238ae8139c8d6b2ee7e042183294ca3869f/original-without-dependencies/merge/ldp-testsuite-1.0.0-SNAPSHOT-shaded.jar,2
16,1,1,1,0,True,True,/home/miningframework/output/files/ldp-testsuite/a7515238ae8139c8d6b2ee7e042183294ca3869f/original-without-dependencies/merge/ldp-testsuite-1.0.0-SNAPSHOT-shaded.jar,2
17,1,1,1,0,True,True,/home/miningframework/output/files/ldp-testsuite/a7515238ae8139c8d6b2ee7e042183294ca3869f/original-without-dependencies/merge/ldp-testsuite-1.0.0-SNAPSHOT-shaded.jar,2
18,1,1,1,0,True,True,/home/miningframework/output/files/ldp-testsuite/a7515238ae8139c8d6b2ee7e042183294ca3869f/original-without-dependencies/merge/ldp-testsuite-1.0.0-SNAPSHOT-shaded.jar,2
19,3,3,3,0,True,True,/home/miningframework/output/files/jetty-bootstrap/17deab171882d57f5d02052ea6e631cb11aa0d55/original-without-dependencies/merge/jetty-bootstrap-1.0.4-SNAPSHOT.jar,3
20,2,2,2,0,True,True,/home/miningframework/output/files/jetty-bootstrap/17deab171882d57f5d02052ea6e631cb11aa0d55/original-without-dependencies/merge/jetty-bootstrap-1.0.4-SNAPSHOT.jar,3
21,1,1,1,0,True,True,/home/miningframework/output/files/jetty-bootstrap/17deab171882d57f5d02052ea6e631cb11aa0d55/original-without-dependencies/merge/jetty-bootstrap-1.0.4-SNAPSHOT.jar,3
22,1,1,1,0,True,True,/home/miningframework/output/files/jetty-bootstrap/17deab171882d57f5d02052ea6e631cb11aa0d55/original-without-dependencies/merge/jetty-bootstrap-1.0.4-SNAPSHOT.jar,3
23,1,1,1,0,True,True,/home/miningframework/output/files/jetty-bootstrap/17deab171882d57f5d02052ea6e631cb11aa0d55/original-without-dependencies/merge/jetty-bootstrap-1.0.4-SNAPSHOT.jar,3
24,1,1,1,0,True,True,/home/miningframework/output/files/jetty-bootstrap/17deab171882d57f5d02052ea6e631cb11aa0d55/original-without-dependencies/merge/jetty-bootstrap-1.0.4-SNAPSHOT.jar,3
25,1,1,1,0,True,True,/home/miningframework/output/files/jetty-bootstrap/17deab171882d57f5d02052ea6e631cb11aa0d55/original-without-dependencies/merge/jetty-bootstrap-1.0.4-SNAPSHOT.jar,4
26,1,1,1,0,True,True,/home/miningframework/output/files/jetty-bootstrap/17deab171882d57f5d02052ea6e631cb11aa0d55/original-without-dependencies/merge/jetty-bootstrap-1.0.4-SNAPSHOT.jar,5
27,2,2,2,0,True,True,/home/miningframework/output/files/jetty-bootstrap/17deab171882d57f5d02052ea6e631cb11aa0d55/original-without-dependencies/merge/jetty-bootstrap-1.0.4-SNAPSHOT.jar,5
28,2,2,2,0,True,True,/home/miningframework/output/files/jetty-bootstrap/17deab171882d57f5d02052ea6e631cb11aa0d55/original-without-dependencies/merge/jetty-bootstrap-1.0.4-SNAPSHOT.jar,6
29,1,1,1,0,True,True,/home/miningframework/output/files/jetty-bootstrap/17deab171882d57f5d02052ea6e631cb11aa0d55/original-without-dependencies/merge/jetty-bootstrap-1.0.4-SNAPSHOT.jar,6
30,2,2,2,0,True,True,/home/miningframework/output/files/jetty-bootstrap/17deab171882d57f5d02052ea6e631cb11aa0d55/original-without-dependencies/merge/jetty-bootstrap-1.0.4-SNAPSHOT.jar,7
31,1,1,1,0,True,True,/home/miningframework/output/files/jetty-bootstrap/17deab171882d57f5d02052ea6e631cb11aa0d55/original-without-dependencies/merge/jetty-bootstrap-1.0.4-SNAPSHOT.jar,7
32,2,2,2,0,True,True,/home/miningframework/output/files/jetty-bootstrap/17deab171882d57f5d02052ea6e631cb11aa0d55/original-without-dependencies/merge/jetty-bootstrap-1.0.4-SNAPSHOT.jar,8
33,1,1,1,0,True,True,/home/miningframework/output/files/jetty-bootstrap/17deab171882d57f5d02052ea6e631cb11aa0d55/original-without-dependencies/merge/jetty-bootstrap-1.0.4-SNAPSHOT.jar,8
34,3,8,8,5,True,True,/home/miningframework/output/files/ldap-plugin/eea7336ee4cf2e275c469bea99f549eba74fdc2b/original-without-dependencies/merge/ldap.jar,9
35,3,8,8,5,True,True,/home/miningframework/output/files/ldap-plugin/eea7336ee4cf2e275c469bea99f549eba74fdc2b/original-without-dependencies/merge/ldap.jar,9
36,1,1,1,0,True,True,/home/miningframework/output/files/ldap-plugin/eea7336ee4cf2e275c469bea99f549eba74fdc2b/original-without-dependencies/merge/ldap.jar,9
37,4,3,4,1,True,True,/home/miningframework/output/files/log-parser-plugin/a4d0e3ca611eef6567b9ac34a8b8453a35fb4fd8/original-without-dependencies/merge/log-parser.jar,10
38,1,1,1,0,True,True,/home/miningframework/output/files/coverity-plugin/09ae8cd6353743a1ebbd9bbfb903b60d7c7bbf55/original-without-dependencies/merge/coverity.jar,11
39,1,1,1,0,True,True,/home/miningframework/output/files/coverity-plugin/09ae8cd6353743a1ebbd9bbfb903b60d7c7bbf55/original-without-dependencies/merge/coverity.jar,11
40,1,1,1,0,True,True,/home/miningframework/output/files/coverity-plugin/09ae8cd6353743a1ebbd9bbfb903b60d7c7bbf55/original-without-dependencies/merge/coverity.jar,12
41,1,1,1,0,True,True,/home/miningframework/output/files/coverity-plugin/09ae8cd6353743a1ebbd9bbfb903b60d7c7bbf55/original-without-dependencies/merge/coverity.jar,12
42,1,1,1,0,True,True,/home/miningframework/output/files/coverity-plugin/09ae8cd6353743a1ebbd9bbfb903b60d7c7bbf55/original-without-dependencies/merge/coverity.jar,13
43,1,1,1,0,True,True,/home/miningframework/output/files/coverity-plugin/09ae8cd6353743a1ebbd9bbfb903b60d7c7bbf55/original-without-dependencies/merge/coverity.jar,13
44,1,1,1,0,True,True,/home/miningframework/output/files/coverity-plugin/09ae8cd6353743a1ebbd9bbfb903b60d7c7bbf55/original-without-dependencies/merge/coverity.jar,14
45,1,1,1,0,True,True,/home/miningframework/output/files/coverity-plugin/09ae8cd6353743a1ebbd9bbfb903b60d7c7bbf55/original-without-dependencies/merge/coverity.jar,14
46,1,1,1,0,True,True,/home/miningframework/output/files/jira-client/3bc59bcee2e94a0905d0325aa037ecf68133ca64/original-without-dependencies/merge/jira-client-0.5-SNAPSHOT.jar,15
47,1,1,1,0,True,True,/home/miningframework/output/files/jira-client/3bc59bcee2e94a0905d0325aa037ecf68133ca64/original-without-dependencies/merge/jira-client-0.5-SNAPSHOT.jar,15
48,1,1,1,0,True,True,/home/miningframework/output/files/hdt-java/cd88626a4e665e548f0981fdd26994e4819de68c/original-without-dependencies/merge/hdt-java-core-2.1-SNAPSHOT.jar,16
49,3,4,4,1,True,True,/home/miningframework/output/files/hdt-java/75f3d402bc177bac168e7ea810c16f6d98776f89/original-without-dependencies/merge/hdt-java-core-2.1-SNAPSHOT.jar,17
50,2,1,2,1,True,False,/home/miningframework/output/files/hdt-java/75f3d402bc177bac168e7ea810c16f6d98776f89/original-without-dependencies/merge/hdt-java-core-2.1-SNAPSHOT.jar,17
51,3,2,3,1,True,False,/home/miningframework/output/files/hdt-java/75f3d402bc177bac168e7ea810c16f6d98776f89/original-without-dependencies/merge/hdt-java-core-2.1-SNAPSHOT.jar,17
52,2,2,2,0,True,True,/home/miningframework/output/files/openkeepass/3dc44ae983c2022ca0544609982fcac1ec1bff0c/original-without-dependencies/merge/openkeepass-0.6.0-SNAPSHOT.jar,18
53,3,3,3,0,True,True,/home/miningframework/output/files/openkeepass/3dc44ae983c2022ca0544609982fcac1ec1bff0c/original-without-dependencies/merge/openkeepass-0.6.0-SNAPSHOT.jar,18
54,6,9,9,3,True,True,/home/miningframework/output/files/openkeepass/6218ade3f2e50f22e5e263714197f176e856c5a2/original-without-dependencies/merge/openkeepass-0.5.1-SNAPSHOT.jar,19
55,9,7,9,2,True,True,/home/miningframework/output/files/openkeepass/6218ade3f2e50f22e5e263714197f176e856c5a2/original-without-dependencies/merge/openkeepass-0.5.1-SNAPSHOT.jar,19
56,10,8,10,2,True,True,/home/miningframework/output/files/openkeepass/6218ade3f2e50f22e5e263714197f176e856c5a2/original-without-dependencies/merge/openkeepass-0.5.1-SNAPSHOT.jar,19
57,9,6,9,3,True,True,/home/miningframework/output/files/openkeepass/6218ade3f2e50f22e5e263714197f176e856c5a2/original-without-dependencies/merge/openkeepass-0.5.1-SNAPSHOT.jar,20
58,8,6,8,2,True,True,/home/miningframework/output/files/openkeepass/6218ade3f2e50f22e5e263714197f176e856c5a2/original-without-dependencies/merge/openkeepass-0.5.1-SNAPSHOT.jar,20
59,8,7,8,1,True,True,/home/miningframework/output/files/typescript-generator/1c03813f0d5593fbea4d3572a6ef028da3f034bd/original-without-dependencies/merge/typescript-generator-core-1.16-SNAPSHOT.jar,21
60,3,3,3,0,True,True,/home/miningframework/output/files/jqm4gwt/6513def00e116ce29ef9eaeae02e18b8ec9a41db/original-without-dependencies/merge/jqm4gwt-library-1.3.1-SNAPSHOT.jar,22
61,1,1,1,0,True,True,/home/miningframework/output/files/jqm4gwt/6513def00e116ce29ef9eaeae02e18b8ec9a41db/original-without-dependencies/merge/jqm4gwt-library-1.3.1-SNAPSHOT.jar,22
62,1,1,1,0,True,True,/home/miningframework/output/files/jqm4gwt/6513def00e116ce29ef9eaeae02e18b8ec9a41db/original-without-dependencies/merge/jqm4gwt-library-1.3.1-SNAPSHOT.jar,22
63,4,4,4,0,True,True,/home/miningframework/output/files/californium/88ff010738dcb2c9e0726af7b6a7feb4daf1f333/original-without-dependencies/merge/cf-benchmark-observe-3.0.0-SNAPSHOT.jar,23
64,4,4,4,0,True,True,/home/miningframework/output/files/californium/4f29e53f0a4805f5a85c73d0bfa314606494611d/original-without-dependencies/merge/cf-helloworld-server-2.4.0-SNAPSHOT.jar,24
65,4,4,4,0,True,True,/home/miningframework/output/files/californium/14cecab828b7b2ee4aa3e1728dff84940404fb02/original-without-dependencies/merge/cf-plugtest-client-2.0.0-SNAPSHOT.jar,25
66,3,3,3,0,True,True,/home/miningframework/output/files/californium/82c3891f53102534d57b4ff829c957b9a44d79bd/original-without-dependencies/merge/cf-plugtest-client-2.0.0-SNAPSHOT.jar,26
67,4,4,4,0,True,True,/home/miningframework/output/files/californium/82c3891f53102534d57b4ff829c957b9a44d79bd/original-without-dependencies/merge/cf-plugtest-client-2.0.0-SNAPSHOT.jar,26
68,4,4,4,0,True,True,/home/miningframework/output/files/californium/677286ef24f95757ec5b9ec89648a99bba9bdd67/original-without-dependencies/merge/californium-core-2.0.0-SNAPSHOT.jar,27
69,3,3,3,0,True,True,/home/miningframework/output/files/jndn/62f89871b57a8bc206428dacff6bde4e6fd305c3/original-without-dependencies/merge/jndn-0.7.jar,28
70,1,1,1,0,True,True,/home/miningframework/output/files/spark/86bef5bbb81339f758b65b80a8488c5a10ef4d41/original-without-dependencies/merge/spark-core-2.5.6-SNAPSHOT.jar,29
71,5,5,5,0,True,True,/home/miningframework/output/files/spark/d8f6320e4c6d98ce16ebc33f07700bee9a95ae24/original-without-dependencies/merge/spark-core-2.5.3-SNAPSHOT.jar,30
72,6,3,6,3,True,True,/home/miningframework/output/files/spark/d8f6320e4c6d98ce16ebc33f07700bee9a95ae24/original-without-dependencies/merge/spark-core-2.5.3-SNAPSHOT.jar,30
73,4,2,4,2,True,True,/home/miningframework/output/files/pom-manipulation-ext/a282eb864b0390a93e0559ccce1cfa4ab624112b/original-without-dependencies/merge/pom-manipulation-io-3.7-SNAPSHOT.jar,31
74,1,1,1,0,True,True,/home/miningframework/output/files/designwizard/58fcd555cc6909bb7ca3df27d277600d8c871a81/original-without-dependencies/merge/designwizard-1.5-SNAPSHOT.jar,32
75,1,1,1,0,True,True,/home/miningframework/output/files/designwizard/58fcd555cc6909bb7ca3df27d277600d8c871a81/original-without-dependencies/merge/designwizard-1.5-SNAPSHOT.jar,32
76,1,1,1,0,True,True,/home/miningframework/output/files/designwizard/58fcd555cc6909bb7ca3df27d277600d8c871a81/original-without-dependencies/merge/designwizard-1.5-SNAPSHOT.jar,32
77,1,1,1,0,True,True,/home/miningframework/output/files/spotify-web-api-java/e836da54e76e85cf60a2b34fc264e75a21d6f97a/original-without-dependencies/merge/spotify-web-api-java-9.0.0-RC1.jar,33
78,1,1,1,0,True,True,/home/miningframework/output/files/launch4j-maven-plugin/fa32ac37750ca59daf0bc99d03ab1bf20c2f03ea/original-without-dependencies/merge/launch4j-maven-plugin-1.7.9-SNAPSHOT.jar,34
79,1,1,1,0,True,True,/home/miningframework/output/files/launch4j-maven-plugin/fa32ac37750ca59daf0bc99d03ab1bf20c2f03ea/original-without-dependencies/merge/launch4j-maven-plugin-1.7.9-SNAPSHOT.jar,34
80,2,2,2,0,True,True,/home/miningframework/output/files/launch4j-maven-plugin/fa32ac37750ca59daf0bc99d03ab1bf20c2f03ea/original-without-dependencies/merge/launch4j-maven-plugin-1.7.9-SNAPSHOT.jar,35
81,2,2,2,0,True,True,/home/miningframework/output/files/auto-matter/5739d194fb360dde65820538263efddba683785f/original-without-dependencies/merge/auto-matter-0.15.1-SNAPSHOT.jar,36
82,3,3,3,0,True,True,/home/miningframework/output/files/auto-matter/5739d194fb360dde65820538263efddba683785f/original-without-dependencies/merge/auto-matter-0.15.1-SNAPSHOT.jar,37
83,3,3,3,0,True,True,/home/miningframework/output/files/auto-matter/5739d194fb360dde65820538263efddba683785f/original-without-dependencies/merge/auto-matter-0.15.1-SNAPSHOT.jar,38
84,1,1,1,0,True,True,/home/miningframework/output/files/jbake-maven-plugin/34fe642a4dd2f95ef72208fb0b7cea663e40f3ad/original-without-dependencies/merge/jbake-maven-plugin-0.0.10-SNAPSHOT.jar,39
85,4,4,4,0,True,True,/home/miningframework/output/files/migration-tools/de0e2f210167f6fea3a5a9937dfe42e1dccb4ddb/original-without-dependencies/merge/nuodb-migrator-core-2.0-SNAPSHOT.jar,40
86,3,3,3,0,True,True,/home/miningframework/output/files/migration-tools/de0e2f210167f6fea3a5a9937dfe42e1dccb4ddb/original-without-dependencies/merge/nuodb-migrator-core-2.0-SNAPSHOT.jar,40
87,3,3,3,0,True,True,/home/miningframework/output/files/migration-tools/de0e2f210167f6fea3a5a9937dfe42e1dccb4ddb/original-without-dependencies/merge/nuodb-migrator-core-2.0-SNAPSHOT.jar,40
88,3,3,3,0,True,True,/home/miningframework/output/files/migration-tools/de0e2f210167f6fea3a5a9937dfe42e1dccb4ddb/original-without-dependencies/merge/nuodb-migrator-core-2.0-SNAPSHOT.jar,40
89,3,3,3,0,True,True,/home/miningframework/output/files/migration-tools/de0e2f210167f6fea3a5a9937dfe42e1dccb4ddb/original-without-dependencies/merge/nuodb-migrator-core-2.0-SNAPSHOT.jar,40
90,3,3,3,0,True,True,/home/miningframework/output/files/migration-tools/de0e2f210167f6fea3a5a9937dfe42e1dccb4ddb/original-without-dependencies/merge/nuodb-migrator-core-2.0-SNAPSHOT.jar,40
91,2,2,2,0,True,True,/home/miningframework/output/files/migration-tools/de0e2f210167f6fea3a5a9937dfe42e1dccb4ddb/original-without-dependencies/merge/nuodb-migrator-core-2.0-SNAPSHOT.jar,40
92,2,2,2,0,True,True,/home/miningframework/output/files/migration-tools/de0e2f210167f6fea3a5a9937dfe42e1dccb4ddb/original-without-dependencies/merge/nuodb-migrator-core-2.0-SNAPSHOT.jar,40
93,2,4,4,2,True,True,/home/miningframework/output/files/mongodb-async-driver/d2f6677f0192ca72fb886a38029b7690dabcc7a0/original-without-dependencies/merge/mongodb-async-driver-1.2.4-SNAPSHOT.jar,41
94,2,2,2,0,True,True,/home/miningframework/output/files/migration-tools/de0e2f210167f6fea3a5a9937dfe42e1dccb4ddb/original-without-dependencies/merge/nuodb-migrator-core-2.0-SNAPSHOT.jar,42
95,2,2,2,0,True,True,/home/miningframework/output/files/migration-tools/de0e2f210167f6fea3a5a9937dfe42e1dccb4ddb/original-without-dependencies/merge/nuodb-migrator-core-2.0-SNAPSHOT.jar,42
96,3,3,3,0,True,True,/home/miningframework/output/files/migration-tools/de0e2f210167f6fea3a5a9937dfe42e1dccb4ddb/original-without-dependencies/merge/nuodb-migrator-core-2.0-SNAPSHOT.jar,42
97,5,5,5,0,True,True,/home/miningframework/output/files/migration-tools/de0e2f210167f6fea3a5a9937dfe42e1dccb4ddb/original-without-dependencies/merge/nuodb-migrator-core-2.0-SNAPSHOT.jar,42
98,1,1,1,0,True,True,/home/miningframework/output/files/migration-tools/de0e2f210167f6fea3a5a9937dfe42e1dccb4ddb/original-without-dependencies/merge/nuodb-migrator-core-2.0-SNAPSHOT.jar,42
99,2,2,2,0,True,True,/home/miningframework/output/files/migration-tools/de0e2f210167f6fea3a5a9937dfe42e1dccb4ddb/original-without-dependencies/merge/nuodb-migrator-core-2.0-SNAPSHOT.jar,42
100,2,2,2,0,True,True,/home/miningframework/output/files/migration-tools/de0e2f210167f6fea3a5a9937dfe42e1dccb4ddb/original-without-dependencies/merge/nuodb-migrator-core-2.0-SNAPSHOT.jar,42
101,1,1,1,0,True,True,/home/miningframework/output/files/migration-tools/de0e2f210167f6fea3a5a9937dfe42e1dccb4ddb/original-without-dependencies/merge/nuodb-migrator-core-2.0-SNAPSHOT.jar,42
102,3,3,3,0,True,True,/home/miningframework/output/files/migration-tools/de0e2f210167f6fea3a5a9937dfe42e1dccb4ddb/original-without-dependencies/merge/nuodb-migrator-core-2.0-SNAPSHOT.jar,42
103,2,2,2,0,True,True,/home/miningframework/output/files/migration-tools/de0e2f210167f6fea3a5a9937dfe42e1dccb4ddb/original-without-dependencies/merge/nuodb-migrator-core-2.0-SNAPSHOT.jar,42
104,4,4,4,0,True,True,/home/miningframework/output/files/migration-tools/de0e2f210167f6fea3a5a9937dfe42e1dccb4ddb/original-without-dependencies/merge/nuodb-migrator-core-2.0-SNAPSHOT.jar,42
105,3,3,3,0,True,True,/home/miningframework/output/files/migration-tools/de0e2f210167f6fea3a5a9937dfe42e1dccb4ddb/original-without-dependencies/merge/nuodb-migrator-core-2.0-SNAPSHOT.jar,43
106,3,3,3,0,True,True,/home/miningframework/output/files/migration-tools/de0e2f210167f6fea3a5a9937dfe42e1dccb4ddb/original-without-dependencies/merge/nuodb-migrator-core-2.0-SNAPSHOT.jar,44
107,2,2,2,0,True,True,/home/miningframework/output/files/migration-tools/de0e2f210167f6fea3a5a9937dfe42e1dccb4ddb/original-without-dependencies/merge/nuodb-migrator-core-2.0-SNAPSHOT.jar,44
108,2,2,2,0,True,True,/home/miningframework/output/files/migration-tools/de0e2f210167f6fea3a5a9937dfe42e1dccb4ddb/original-without-dependencies/merge/nuodb-migrator-core-2.0-SNAPSHOT.jar,44
109,2,2,2,0,True,True,/home/miningframework/output/files/migration-tools/de0e2f210167f6fea3a5a9937dfe42e1dccb4ddb/original-without-dependencies/merge/nuodb-migrator-core-2.0-SNAPSHOT.jar,44
110,2,2,2,0,True,True,/home/miningframework/output/files/migration-tools/de0e2f210167f6fea3a5a9937dfe42e1dccb4ddb/original-without-dependencies/merge/nuodb-migrator-core-2.0-SNAPSHOT.jar,44
111,2,2,2,0,True,True,/home/miningframework/output/files/migration-tools/de0e2f210167f6fea3a5a9937dfe42e1dccb4ddb/original-without-dependencies/merge/nuodb-migrator-core-2.0-SNAPSHOT.jar,44
112,3,3,3,0,True,True,/home/miningframework/output/files/migration-tools/de0e2f210167f6fea3a5a9937dfe42e1dccb4ddb/original-without-dependencies/merge/nuodb-migrator-core-2.0-SNAPSHOT.jar,45
113,2,2,2,0,True,True,/home/miningframework/output/files/migration-tools/de0e2f210167f6fea3a5a9937dfe42e1dccb4ddb/original-without-dependencies/merge/nuodb-migrator-core-2.0-SNAPSHOT.jar,45
114,1,1,1,0,True,True,/home/miningframework/output/files/mongodb-async-driver/2df4f3664dbf6f7217cd03ea369c9f7d28427892/original-without-dependencies/merge/mongodb-async-driver-1.1.0-SNAPSHOT.jar,46
115,15,2,15,13,True,True,/home/miningframework/output/files/vectorz/889e8999395fb5f60266d32bec790fc2ad3daeb8/original-without-dependencies/merge/vectorz-0.33.1-SNAPSHOT.jar,47
116,2,2,2,0,True,True,/home/miningframework/output/files/log-synth/83316ef849229d87b24ce5d0d6d54f1f76764759/original-without-dependencies/merge/log-synth-0.1-SNAPSHOT.jar,48
117,3,3,3,0,True,True,/home/miningframework/output/files/log-synth/83316ef849229d87b24ce5d0d6d54f1f76764759/original-without-dependencies/merge/log-synth-0.1-SNAPSHOT.jar,48
118,1,1,1,0,True,True,/home/miningframework/output/files/log-synth/83316ef849229d87b24ce5d0d6d54f1f76764759/original-without-dependencies/merge/log-synth-0.1-SNAPSHOT.jar,48
119,3,3,3,0,True,True,/home/miningframework/output/files/log-synth/83316ef849229d87b24ce5d0d6d54f1f76764759/original-without-dependencies/merge/log-synth-0.1-SNAPSHOT.jar,48
120,2,2,2,0,True,True,/home/miningframework/output/files/log-synth/83316ef849229d87b24ce5d0d6d54f1f76764759/original-without-dependencies/merge/log-synth-0.1-SNAPSHOT.jar,48
121,2,2,2,0,True,True,/home/miningframework/output/files/log-synth/83316ef849229d87b24ce5d0d6d54f1f76764759/original-without-dependencies/merge/log-synth-0.1-SNAPSHOT.jar,49
122,1,1,1,0,True,True,/home/miningframework/output/files/log-synth/83316ef849229d87b24ce5d0d6d54f1f76764759/original-without-dependencies/merge/log-synth-0.1-SNAPSHOT.jar,49
123,1,1,1,0,True,True,/home/miningframework/output/files/log-synth/83316ef849229d87b24ce5d0d6d54f1f76764759/original-without-dependencies/merge/log-synth-0.1-SNAPSHOT.jar,49
124,1,1,1,0,True,True,/home/miningframework/output/files/log-synth/83316ef849229d87b24ce5d0d6d54f1f76764759/original-without-dependencies/merge/log-synth-0.1-SNAPSHOT.jar,49
125,1,1,1,0,True,True,/home/miningframework/output/files/log-synth/83316ef849229d87b24ce5d0d6d54f1f76764759/original-without-dependencies/merge/log-synth-0.1-SNAPSHOT.jar,49
126,1,1,1,0,True,True,/home/miningframework/output/files/log-synth/83316ef849229d87b24ce5d0d6d54f1f76764759/original-without-dependencies/merge/log-synth-0.1-SNAPSHOT.jar,49
127,1,1,1,0,True,True,/home/miningframework/output/files/log-synth/83316ef849229d87b24ce5d0d6d54f1f76764759/original-without-dependencies/merge/log-synth-0.1-SNAPSHOT.jar,49
128,2,2,2,0,True,True,/home/miningframework/output/files/iban4j/f3bf7d2b03dc703f74882f2f478e90e86db121a1/original-without-dependencies/merge/iban4j-3.2.3-RELEASE.jar,50
129,2,2,2,0,True,True,/home/miningframework/output/files/iban4j/f3bf7d2b03dc703f74882f2f478e90e86db121a1/original-without-dependencies/merge/iban4j-3.2.3-RELEASE.jar,50
130,2,3,3,1,True,True,/home/miningframework/output/files/canal/10930b9e3d7a006f4c1c0eba42dfa6bfddc0a468/original-without-dependencies/merge/canal.parse-1.0.21-SNAPSHOT.jar,51
131,2,3,3,1,True,False,/home/miningframework/output/files/canal/10930b9e3d7a006f4c1c0eba42dfa6bfddc0a468/original-without-dependencies/merge/canal.parse-1.0.21-SNAPSHOT.jar,51
132,2,3,3,1,True,False,/home/miningframework/output/files/canal/10930b9e3d7a006f4c1c0eba42dfa6bfddc0a468/original-without-dependencies/merge/canal.parse-1.0.21-SNAPSHOT.jar,51
133,3,3,3,0,True,True,/home/miningframework/output/files/accumulo/7688eaf0b684a2bb76a0b49bff9a79763d41a8e5/original-without-dependencies/merge/accumulo-fate-1.6.0-SNAPSHOT.jar,52
134,3,3,3,0,True,True,/home/miningframework/output/files/accumulo/8312b0740ecdfaff7afd963e8bab91a0bfdeafd1/original-without-dependencies/merge/accumulo-core-1.6.0-SNAPSHOT.jar,53
135,2,2,2,0,True,True,/home/miningframework/output/files/accumulo/8312b0740ecdfaff7afd963e8bab91a0bfdeafd1/original-without-dependencies/merge/accumulo-core-1.6.0-SNAPSHOT.jar,53
136,1,1,1,0,True,True,/home/miningframework/output/files/staxmapper/8df8c6aad07328ccec3c4326485074342d85673b/original-without-dependencies/merge/staxmapper-1.2.0.Beta1-SNAPSHOT.jar,54
137,1,1,1,0,True,True,/home/miningframework/output/files/remoting-jmx/de3218ef58ebd3293e2afbe472f5a90f5c33e0e0/original-without-dependencies/merge/remoting-jmx-3.0.5.CR1-SNAPSHOT.jar,55
138,4,4,4,0,True,True,/home/miningframework/output/files/remoting-jmx/de3218ef58ebd3293e2afbe472f5a90f5c33e0e0/original-without-dependencies/merge/remoting-jmx-3.0.5.CR1-SNAPSHOT.jar,55
139,1,1,1,0,True,True,/home/miningframework/output/files/remoting-jmx/de3218ef58ebd3293e2afbe472f5a90f5c33e0e0/original-without-dependencies/merge/remoting-jmx-3.0.5.CR1-SNAPSHOT.jar,55
140,3,3,3,0,True,True,/home/miningframework/output/files/remoting-jmx/de3218ef58ebd3293e2afbe472f5a90f5c33e0e0/original-without-dependencies/merge/remoting-jmx-3.0.5.CR1-SNAPSHOT.jar,55
141,1,1,1,0,True,True,/home/miningframework/output/files/remoting-jmx/de3218ef58ebd3293e2afbe472f5a90f5c33e0e0/original-without-dependencies/merge/remoting-jmx-3.0.5.CR1-SNAPSHOT.jar,55
142,6,6,6,0,True,True,/home/miningframework/output/files/remoting-jmx/de3218ef58ebd3293e2afbe472f5a90f5c33e0e0/original-without-dependencies/merge/remoting-jmx-3.0.5.CR1-SNAPSHOT.jar,56
143,1,1,1,0,True,True,/home/miningframework/output/files/discovery/99c2bc3a686bfaa15e56484c3828e1fb0e17cfd6/original-without-dependencies/merge/discovery-plugin-strategy-starter-gateway-6.11.0-SNAPSHOT.jar,57
144,1,1,1,0,True,True,/home/miningframework/output/files/discovery/b71b398b74eea4b8684bfdb091c43e58b627403d/original-without-dependencies/merge/discovery-plugin-strategy-starter-gateway-6.11.0-SNAPSHOT.jar,58
145,1,1,1,0,True,True,/home/miningframework/output/files/nfe/a4be269d5dc77dafeedaa7986ce331f1dac5bfae/original-without-dependencies/merge/nfe-3.0.31-SNAPSHOT.jar,59
146,5,5,5,0,True,True,/home/miningframework/output/files/nfe/4ac342c432689950341e05b7e8397f2ff793dbe4/original-without-dependencies/merge/nfe-3.0.6-SNAPSHOT.jar,60
147,5,5,5,0,True,True,/home/miningframework/output/files/nfe/4ac342c432689950341e05b7e8397f2ff793dbe4/original-without-dependencies/merge/nfe-3.0.6-SNAPSHOT.jar,61
148,2,2,2,0,True,True,/home/miningframework/output/files/nfe/e844ec0fb51e9a8692e52dd917a51c8f6efbad5c/original-without-dependencies/merge/nfe-3.0.1-SNAPSHOT.jar,62
149,2,2,2,0,True,True,/home/miningframework/output/files/nfe/e844ec0fb51e9a8692e52dd917a51c8f6efbad5c/original-without-dependencies/merge/nfe-3.0.1-SNAPSHOT.jar,62
150,1,1,1,0,True,True,/home/miningframework/output/files/nfe/e844ec0fb51e9a8692e52dd917a51c8f6efbad5c/original-without-dependencies/merge/nfe-3.0.1-SNAPSHOT.jar,62
151,1,1,1,0,True,True,/home/miningframework/output/files/dcm4che/751257d4699542e73929367a83fe59d2989fafca/original-without-dependencies/merge/dcm4che-imageio-opencv-5.23.0.jar,63
152,1,1,1,0,True,True,/home/miningframework/output/files/dcm4che/751257d4699542e73929367a83fe59d2989fafca/original-without-dependencies/merge/dcm4che-imageio-opencv-5.23.0.jar,63
153,3,3,3,0,True,True,/home/miningframework/output/files/datasift-java/be06e5debddb07eb337ae8c84897bc47873f59f7/original-without-dependencies/merge/datasift-java-2.1.0.jar,64
154,4,4,4,0,True,True,/home/miningframework/output/files/datasift-java/be06e5debddb07eb337ae8c84897bc47873f59f7/original-without-dependencies/merge/datasift-java-2.1.0.jar,64
155,1,1,1,0,True,True,/home/miningframework/output/files/datasift-java/27ae5e0af9801b9e37cd960e12136404eae3676e/original-without-dependencies/merge/datasift-java-1.1.1-SNAPSHOT.jar,65
156,1,1,1,0,True,True,/home/miningframework/output/files/datasift-java/27ae5e0af9801b9e37cd960e12136404eae3676e/original-without-dependencies/merge/datasift-java-1.1.1-SNAPSHOT.jar,65
157,1,1,1,0,True,True,/home/miningframework/output/files/datasift-java/27ae5e0af9801b9e37cd960e12136404eae3676e/original-without-dependencies/merge/datasift-java-1.1.1-SNAPSHOT.jar,65
158,1,1,1,0,True,True,/home/miningframework/output/files/datasift-java/27ae5e0af9801b9e37cd960e12136404eae3676e/original-without-dependencies/merge/datasift-java-1.1.1-SNAPSHOT.jar,66
159,1,1,1,0,True,True,/home/miningframework/output/files/datasift-java/27ae5e0af9801b9e37cd960e12136404eae3676e/original-without-dependencies/merge/datasift-java-1.1.1-SNAPSHOT.jar,66
160,8,3,8,5,True,True,/home/miningframework/output/files/datasift-java/63473e61923aeb786325b6edf3828aa7538be0e6/original-without-dependencies/merge/datasift-java-1.1.0-SNAPSHOT.jar,67
161,8,3,8,5,True,True,/home/miningframework/output/files/datasift-java/63473e61923aeb786325b6edf3828aa7538be0e6/original-without-dependencies/merge/datasift-java-1.1.0-SNAPSHOT.jar,68
162,1,1,1,0,True,True,/home/miningframework/output/files/orientdb-etl/889e65b57d07559f507bcef0e966f6f0612ae9dd/original-without-dependencies/merge/orientdb-etl-2.1.3.jar,69
163,1,1,1,0,True,True,/home/miningframework/output/files/orientdb-etl/889e65b57d07559f507bcef0e966f6f0612ae9dd/original-without-dependencies/merge/orientdb-etl-2.1.3.jar,69
164,5,5,5,0,True,True,/home/miningframework/output/files/orientdb-etl/889e65b57d07559f507bcef0e966f6f0612ae9dd/original-without-dependencies/merge/orientdb-etl-2.1.3.jar,70
165,1,1,1,0,True,True,/home/miningframework/output/files/camus/94ecd8cac46d23ae6dfd40fb37d149660ed2cf34/original-without-dependencies/merge/camus-sweeper-0.1.0-SNAPSHOT.jar,71
166,1,1,1,0,True,True,/home/miningframework/output/files/camus/94ecd8cac46d23ae6dfd40fb37d149660ed2cf34/original-without-dependencies/merge/camus-sweeper-0.1.0-SNAPSHOT.jar,71
167,2,2,2,0,True,True,/home/miningframework/output/files/geoserver-manager/352e241e0bf2b9c4a7d640dd5ca7795e1b5d303a/original-without-dependencies/merge/geoserver-manager-1.2-SNAPSHOT.jar,72
168,4,4,4,0,True,True,/home/miningframework/output/files/geoserver-manager/352e241e0bf2b9c4a7d640dd5ca7795e1b5d303a/original-without-dependencies/merge/geoserver-manager-1.2-SNAPSHOT.jar,72
169,3,3,3,0,True,True,/home/miningframework/output/files/geoserver-manager/352e241e0bf2b9c4a7d640dd5ca7795e1b5d303a/original-without-dependencies/merge/geoserver-manager-1.2-SNAPSHOT.jar,72
170,5,5,5,0,True,True,/home/miningframework/output/files/geoserver-manager/352e241e0bf2b9c4a7d640dd5ca7795e1b5d303a/original-without-dependencies/merge/geoserver-manager-1.2-SNAPSHOT.jar,73
171,6,6,6,0,True,True,/home/miningframework/output/files/geoserver-manager/352e241e0bf2b9c4a7d640dd5ca7795e1b5d303a/original-without-dependencies/merge/geoserver-manager-1.2-SNAPSHOT.jar,73
172,6,6,6,0,True,True,/home/miningframework/output/files/geoserver-manager/352e241e0bf2b9c4a7d640dd5ca7795e1b5d303a/original-without-dependencies/merge/geoserver-manager-1.2-SNAPSHOT.jar,74
173,3,3,3,0,True,True,/home/miningframework/output/files/jsondiff/4ac27123bccc0e733c27d3be222175e4862a5869/original-without-dependencies/merge/jsondiff-1.0-SNAPSHOT.jar,75
174,4,6,6,2,True,True,/home/miningframework/output/files/jsondiff/cd3cba0a2fcc4f07a4e04f0e729962c2bbd6b769/original-without-dependencies/merge/jsondiff-1.0-SNAPSHOT.jar,76
175,4,4,4,0,True,True,/home/miningframework/output/files/jsondiff/cd3cba0a2fcc4f07a4e04f0e729962c2bbd6b769/original-without-dependencies/merge/jsondiff-1.0-SNAPSHOT.jar,76
176,1,1,1,0,True,True,/home/miningframework/output/files/jruby-maven-plugins/9a1038d1343abc2df3ead351e22d7d481bbdffbe/original-without-dependencies/merge/gemify-maven-plugin-0.22.0-SNAPSHOT.jar,77
177,2,2,2,0,True,True,/home/miningframework/output/files/jruby-maven-plugins/1b783e16c0c48cfd4ac14e4bb393963879969688/original-without-dependencies/merge/gem-maven-plugin-0.22.0-SNAPSHOT.jar,78
178,1,1,1,0,True,True,/home/miningframework/output/files/jruby-maven-plugins/1b783e16c0c48cfd4ac14e4bb393963879969688/original-without-dependencies/merge/gem-maven-plugin-0.22.0-SNAPSHOT.jar,78
179,1,1,1,0,True,True,/home/miningframework/output/files/jruby-maven-plugins/1b783e16c0c48cfd4ac14e4bb393963879969688/original-without-dependencies/merge/gem-maven-plugin-0.22.0-SNAPSHOT.jar,78
180,1,1,1,0,True,True,/home/miningframework/output/files/jruby-maven-plugins/1b783e16c0c48cfd4ac14e4bb393963879969688/original-without-dependencies/merge/gem-maven-plugin-0.22.0-SNAPSHOT.jar,78
181,1,1,1,0,True,True,/home/miningframework/output/files/jruby-maven-plugins/1b783e16c0c48cfd4ac14e4bb393963879969688/original-without-dependencies/merge/gem-maven-plugin-0.22.0-SNAPSHOT.jar,78
182,1,1,1,0,True,True,/home/miningframework/output/files/jruby-maven-plugins/1b783e16c0c48cfd4ac14e4bb393963879969688/original-without-dependencies/merge/gem-maven-plugin-0.22.0-SNAPSHOT.jar,78
183,1,1,1,0,True,True,/home/miningframework/output/files/jruby-maven-plugins/1b783e16c0c48cfd4ac14e4bb393963879969688/original-without-dependencies/merge/gem-maven-plugin-0.22.0-SNAPSHOT.jar,78
184,1,1,1,0,True,True,/home/miningframework/output/files/flyingsaucer/3f9940081e8b9710f6855a05c8dcfda73103545d/original-without-dependencies/merge/flying-saucer-pdf-9.0.10-SNAPSHOT.jar,79
185,1,1,1,0,True,True,/home/miningframework/output/files/asterisk-java/c2e7dc11a5842730c43dea7f8a0f7b7f9cc1f8ee/original-without-dependencies/merge/asterisk-java.jar,80
186,1,1,1,0,True,True,/home/miningframework/output/files/asterisk-java/c2e7dc11a5842730c43dea7f8a0f7b7f9cc1f8ee/original-without-dependencies/merge/asterisk-java.jar,80
187,1,1,1,0,True,True,/home/miningframework/output/files/asterisk-java/c2e7dc11a5842730c43dea7f8a0f7b7f9cc1f8ee/original-without-dependencies/merge/asterisk-java.jar,81
188,6,8,8,2,True,True,/home/miningframework/output/files/asterisk-java/d051cefe929eeba446139b2480f4e6006502d896/original-without-dependencies/merge/asterisk-java.jar,82
189,5,5,5,0,True,True,/home/miningframework/output/files/asterisk-java/b07617fe185d57dd38980993e1934d68e7e6c0c6/original-without-dependencies/merge/asterisk-java.jar,83
190,1,1,1,0,True,True,/home/miningframework/output/files/asterisk-java/a4b27137cc92af086da78fdfb634a441cb07e1d0/original-without-dependencies/merge/asterisk-java.jar,84
191,6,6,6,0,True,True,/home/miningframework/output/files/hawtjni/c0cfb2558b8e11edd224f08fd7da6daa84876b34/original-without-dependencies/merge/hawtjni-example-1.17-SNAPSHOT.jar,85
192,2,4,4,2,True,True,/home/miningframework/output/files/swagger-maven-plugin/5e2ac85d33d0bf03ac6148743931507b778991a3/original-without-dependencies/merge/swagger-maven-plugin-3.1.7-SNAPSHOT.jar,86
193,4,4,4,0,True,True,/home/miningframework/output/files/swagger-maven-plugin/5e2ac85d33d0bf03ac6148743931507b778991a3/original-without-dependencies/merge/swagger-maven-plugin-3.1.7-SNAPSHOT.jar,86
194,1,1,1,0,True,True,/home/miningframework/output/files/swagger-maven-plugin/79e35180ae729f232c33cc856e32ed00986b6846/original-without-dependencies/merge/swagger-maven-plugin-3.1.6-SNAPSHOT.jar,87
195,1,1,1,0,True,True,/home/miningframework/output/files/camel-ironmq/7b8e755aa410ddd2841a5471f78bf5256a647b76/original-without-dependencies/merge/camel-ironmq-2.15.3.jar,88
196,7,8,8,1,True,True,/home/miningframework/output/files/movsim/10239d7f513a507e33bba526abfe0b696af80e0d/original-without-dependencies/merge/MovsimCore-1.6.0-SNAPSHOT-jar-with-dependencies.jar,89
197,7,6,7,1,True,True,/home/miningframework/output/files/mybatis-3/40872421fec3524a83f1ed5fd9df28c25e3db46d/original-without-dependencies/merge/original-mybatis-3.4.5-SNAPSHOT.jar,90
198,1,1,1,0,True,True,/home/miningframework/output/files/movsim/dda7cfc15c5dc1102f21327f720973fa36dbc38b/original-without-dependencies/merge/movsim-0.1.jar,91
199,8,5,8,3,True,True,/home/miningframework/output/files/substeps-core/f51e19b36c2a13d3d11fe9744381a0c910d61c6f/original-without-dependencies/merge/substeps-core.jar,92
200,1,1,1,0,True,True,/home/miningframework/output/files/substeps-core/f51e19b36c2a13d3d11fe9744381a0c910d61c6f/original-without-dependencies/merge/substeps-core.jar,92
201,1,1,1,0,True,True,/home/miningframework/output/files/substeps-core/f51e19b36c2a13d3d11fe9744381a0c910d61c6f/original-without-dependencies/merge/substeps-core.jar,92
202,1,1,1,0,True,True,/home/miningframework/output/files/azure-tables-hadoop/f5ae55a8d5024fba05bd9a188ae18116b624a69d/original-without-dependencies/merge/microsoft-hadoop-azure-0.0.2.jar,93
203,1,1,1,0,True,True,/home/miningframework/output/files/azure-tables-hadoop/f5ae55a8d5024fba05bd9a188ae18116b624a69d/original-without-dependencies/merge/microsoft-hadoop-azure-0.0.2.jar,93
204,1,1,1,0,True,True,/home/miningframework/output/files/azure-tables-hadoop/f5ae55a8d5024fba05bd9a188ae18116b624a69d/original-without-dependencies/merge/microsoft-hadoop-azure-0.0.2.jar,93
205,1,1,1,0,True,True,/home/miningframework/output/files/otr4j/445fe2a8ad55d7da4043a22a4adc2c09ee4097f4/original-without-dependencies/merge/org.otr4j-0.23-SNAPSHOT.jar,94
206,1,1,1,0,True,True,/home/miningframework/output/files/otr4j/445fe2a8ad55d7da4043a22a4adc2c09ee4097f4/original-without-dependencies/merge/org.otr4j-0.23-SNAPSHOT.jar,95
207,5,5,5,0,True,True,/home/miningframework/output/files/lyra/14e69c369afca578a1fd2796c2f6588f2cfe90b8/original-without-dependencies/merge/lyra-0.3.2-SNAPSHOT.jar,96
208,1,1,1,0,True,True,/home/miningframework/output/files/lyra/14e69c369afca578a1fd2796c2f6588f2cfe90b8/original-without-dependencies/merge/lyra-0.3.2-SNAPSHOT.jar,96
209,1,1,1,0,True,True,/home/miningframework/output/files/lyra/14e69c369afca578a1fd2796c2f6588f2cfe90b8/original-without-dependencies/merge/lyra-0.3.2-SNAPSHOT.jar,96
210,1,1,1,0,True,True,/home/miningframework/output/files/lyra/14e69c369afca578a1fd2796c2f6588f2cfe90b8/original-without-dependencies/merge/lyra-0.3.2-SNAPSHOT.jar,96
211,2,2,2,0,True,True,/home/miningframework/output/files/lyra/14e69c369afca578a1fd2796c2f6588f2cfe90b8/original-without-dependencies/merge/lyra-0.3.2-SNAPSHOT.jar,96
212,1,1,1,0,True,True,/home/miningframework/output/files/lyra/14e69c369afca578a1fd2796c2f6588f2cfe90b8/original-without-dependencies/merge/lyra-0.3.2-SNAPSHOT.jar,96
213,1,1,1,0,True,True,/home/miningframework/output/files/lyra/14e69c369afca578a1fd2796c2f6588f2cfe90b8/original-without-dependencies/merge/lyra-0.3.2-SNAPSHOT.jar,96
214,4,4,4,0,True,True,/home/miningframework/output/files/lyra/14e69c369afca578a1fd2796c2f6588f2cfe90b8/original-without-dependencies/merge/lyra-0.3.2-SNAPSHOT.jar,96
215,2,2,2,0,True,True,/home/miningframework/output/files/lyra/14e69c369afca578a1fd2796c2f6588f2cfe90b8/original-without-dependencies/merge/lyra-0.3.2-SNAPSHOT.jar,96
216,2,2,2,0,True,True,/home/miningframework/output/files/lyra/14e69c369afca578a1fd2796c2f6588f2cfe90b8/original-without-dependencies/merge/lyra-0.3.2-SNAPSHOT.jar,96
217,4,4,4,0,True,True,/home/miningframework/output/files/lyra/14e69c369afca578a1fd2796c2f6588f2cfe90b8/original-without-dependencies/merge/lyra-0.3.2-SNAPSHOT.jar,96
218,1,1,1,0,True,True,/home/miningframework/output/files/lyra/14e69c369afca578a1fd2796c2f6588f2cfe90b8/original-without-dependencies/merge/lyra-0.3.2-SNAPSHOT.jar,96
219,3,3,3,0,True,True,/home/miningframework/output/files/lyra/14e69c369afca578a1fd2796c2f6588f2cfe90b8/original-without-dependencies/merge/lyra-0.3.2-SNAPSHOT.jar,96
220,2,2,2,0,True,True,/home/miningframework/output/files/lyra/14e69c369afca578a1fd2796c2f6588f2cfe90b8/original-without-dependencies/merge/lyra-0.3.2-SNAPSHOT.jar,96
221,2,2,2,0,True,True,/home/miningframework/output/files/lyra/14e69c369afca578a1fd2796c2f6588f2cfe90b8/original-without-dependencies/merge/lyra-0.3.2-SNAPSHOT.jar,97
222,3,3,3,0,True,True,/home/miningframework/output/files/lyra/14e69c369afca578a1fd2796c2f6588f2cfe90b8/original-without-dependencies/merge/lyra-0.3.2-SNAPSHOT.jar,97
223,3,3,3,0,True,True,/home/miningframework/output/files/lyra/14e69c369afca578a1fd2796c2f6588f2cfe90b8/original-without-dependencies/merge/lyra-0.3.2-SNAPSHOT.jar,98
224,1,1,1,0,True,True,/home/miningframework/output/files/lyra/14e69c369afca578a1fd2796c2f6588f2cfe90b8/original-without-dependencies/merge/lyra-0.3.2-SNAPSHOT.jar,98
225,2,2,2,0,True,True,/home/miningframework/output/files/lyra/14e69c369afca578a1fd2796c2f6588f2cfe90b8/original-without-dependencies/merge/lyra-0.3.2-SNAPSHOT.jar,98
226,5,5,5,0,True,True,/home/miningframework/output/files/shazamcrest/9be9807f1cf79c5a11d69fde25afc99f3fb2f40c/original-without-dependencies/merge/shazamcrest-0.11-SNAPSHOT.jar,99
227,2,3,3,1,True,True,/home/miningframework/output/files/hdiv/2f9993190a5d9e153c693e8060ef8050f2fe2baa/original-without-dependencies/merge/hdiv-core-3.1.0-SNAPSHOT.jar,100
228,1,1,1,0,True,True,/home/miningframework/output/files/ninja/335e2c3e80a2687ceb8ae90a08a6228ef6daef02/original-without-dependencies/merge/ninja-core-5.1.5-SNAPSHOT.jar,101
229,1,1,1,0,True,True,/home/miningframework/output/files/ninja/335e2c3e80a2687ceb8ae90a08a6228ef6daef02/original-without-dependencies/merge/ninja-core-5.1.5-SNAPSHOT.jar,101
230,4,4,4,0,True,True,/home/miningframework/output/files/ninja/335e2c3e80a2687ceb8ae90a08a6228ef6daef02/original-without-dependencies/merge/ninja-core-5.1.5-SNAPSHOT.jar,101
231,5,5,5,0,True,True,/home/miningframework/output/files/ninja/335e2c3e80a2687ceb8ae90a08a6228ef6daef02/original-without-dependencies/merge/ninja-core-5.1.5-SNAPSHOT.jar,101
232,1,1,1,0,True,True,/home/miningframework/output/files/ninja/335e2c3e80a2687ceb8ae90a08a6228ef6daef02/original-without-dependencies/merge/ninja-core-5.1.5-SNAPSHOT.jar,101
233,1,1,1,0,True,True,/home/miningframework/output/files/ninja/335e2c3e80a2687ceb8ae90a08a6228ef6daef02/original-without-dependencies/merge/ninja-core-5.1.5-SNAPSHOT.jar,101
234,1,1,1,0,True,True,/home/miningframework/output/files/ninja/335e2c3e80a2687ceb8ae90a08a6228ef6daef02/original-without-dependencies/merge/ninja-core-5.1.5-SNAPSHOT.jar,101
235,1,1,1,0,True,True,/home/miningframework/output/files/ninja/335e2c3e80a2687ceb8ae90a08a6228ef6daef02/original-without-dependencies/merge/ninja-core-5.1.5-SNAPSHOT.jar,101
236,1,1,1,0,True,True,/home/miningframework/output/files/ninja/335e2c3e80a2687ceb8ae90a08a6228ef6daef02/original-without-dependencies/merge/ninja-core-5.1.5-SNAPSHOT.jar,101
237,2,2,2,0,True,True,/home/miningframework/output/files/sdk-java/afce3a22ad47ca4eb3292a0285d378c4ae4cc605/original-without-dependencies/merge/sdk-java-2.0.0-SNAPSHOT.jar,102
238,2,2,2,0,True,True,/home/miningframework/output/files/sdk-java/afce3a22ad47ca4eb3292a0285d378c4ae4cc605/original-without-dependencies/merge/sdk-java-2.0.0-SNAPSHOT.jar,103
239,4,4,4,0,True,True,/home/miningframework/output/files/name-parser/3c1d815c087b4201c84f5bae97c9760487776e06/original-without-dependencies/merge/name-parser-api-3.8.6-SNAPSHOT-tests.jar,104
240,3,3,3,0,True,True,/home/miningframework/output/files/name-parser/3c1d815c087b4201c84f5bae97c9760487776e06/original-without-dependencies/merge/name-parser-api-3.8.6-SNAPSHOT-tests.jar,104
241,6,6,6,0,True,True,/home/miningframework/output/files/qlrm/e03f1617f3978b3a1906f96e92317514eef243ff/original-without-dependencies/merge/qlrm-1.6.5-SNAPSHOT.jar,105
242,11,10,11,1,True,True,/home/miningframework/output/files/redpen/cdc1310dbdc5ff2636e233c49ef4ef018d1c5f36/original-without-dependencies/merge/redpen-core-1.5.6-SNAPSHOT.jar,106
243,4,4,4,0,True,True,/home/miningframework/output/files/redpen/6070b11414a006e8f3c05e457543200a9f558809/original-without-dependencies/merge/redpen-core-1.5.6-SNAPSHOT.jar,107
244,3,4,4,1,True,True,/home/miningframework/output/files/jline2/5acfe5945383a620910a2d78eb131af86efe7022/original-without-dependencies/merge/original-jline-2.7-SNAPSHOT.jar,108
245,2,2,2,0,True,True,/home/miningframework/output/files/pebble/aa932204dedbe24bdefeb75593385eb0c091e7f7/original-without-dependencies/merge/pebble-3.0.0-SNAPSHOT.jar,109
246,1,1,1,0,True,True,/home/miningframework/output/files/pebble/aa932204dedbe24bdefeb75593385eb0c091e7f7/original-without-dependencies/merge/pebble-3.0.0-SNAPSHOT.jar,109
247,2,2,2,0,True,True,/home/miningframework/output/files/pebble/aa932204dedbe24bdefeb75593385eb0c091e7f7/original-without-dependencies/merge/pebble-3.0.0-SNAPSHOT.jar,109
248,6,8,8,2,True,True,/home/miningframework/output/files/pebble/b092f5eee672fdf7f8100336b35e37a9876f6f72/original-without-dependencies/merge/pebble-3.0.0-SNAPSHOT.jar,110
249,3,6,6,3,True,True,/home/miningframework/output/files/pebble/b092f5eee672fdf7f8100336b35e37a9876f6f72/original-without-dependencies/merge/pebble-3.0.0-SNAPSHOT.jar,110
250,2,2,2,0,True,True,/home/miningframework/output/files/pebble/c8c30f79bfa1849d04e41ed14402ddc2f2746fe9/original-without-dependencies/merge/pebble-3.0.0-SNAPSHOT.jar,111
251,2,2,2,0,True,True,/home/miningframework/output/files/pebble/c8c30f79bfa1849d04e41ed14402ddc2f2746fe9/original-without-dependencies/merge/pebble-3.0.0-SNAPSHOT.jar,111
252,2,2,2,0,True,True,/home/miningframework/output/files/pebble/a0e7bc09e4cfff141e0e05d2e788b07919b78995/original-without-dependencies/merge/pebble-3.0.0-SNAPSHOT.jar,112
253,6,6,6,0,True,True,/home/miningframework/output/files/qlrm/e03f1617f3978b3a1906f96e92317514eef243ff/original-without-dependencies/merge/qlrm-1.6.5-SNAPSHOT.jar,113
254,2,2,2,0,True,True,/home/miningframework/output/files/pebble/aa932204dedbe24bdefeb75593385eb0c091e7f7/original-without-dependencies/merge/pebble-3.0.0-SNAPSHOT.jar,114
255,1,1,1,0,True,True,/home/miningframework/output/files/pebble/aa932204dedbe24bdefeb75593385eb0c091e7f7/original-without-dependencies/merge/pebble-3.0.0-SNAPSHOT.jar,114
256,2,2,2,0,True,True,/home/miningframework/output/files/pebble/aa932204dedbe24bdefeb75593385eb0c091e7f7/original-without-dependencies/merge/pebble-3.0.0-SNAPSHOT.jar,114
257,6,8,8,2,True,True,/home/miningframework/output/files/pebble/b092f5eee672fdf7f8100336b35e37a9876f6f72/original-without-dependencies/merge/pebble-3.0.0-SNAPSHOT.jar,115
258,3,6,6,3,True,True,/home/miningframework/output/files/pebble/b092f5eee672fdf7f8100336b35e37a9876f6f72/original-without-dependencies/merge/pebble-3.0.0-SNAPSHOT.jar,115
259,2,2,2,0,True,True,/home/miningframework/output/files/pebble/c8c30f79bfa1849d04e41ed14402ddc2f2746fe9/original-without-dependencies/merge/pebble-3.0.0-SNAPSHOT.jar,116
260,2,2,2,0,True,True,/home/miningframework/output/files/pebble/c8c30f79bfa1849d04e41ed14402ddc2f2746fe9/original-without-dependencies/merge/pebble-3.0.0-SNAPSHOT.jar,116
261,2,2,2,0,True,True,/home/miningframework/output/files/pebble/a0e7bc09e4cfff141e0e05d2e788b07919b78995/original-without-dependencies/merge/pebble-3.0.0-SNAPSHOT.jar,117
262,6,6,6,0,True,True,/home/miningframework/output/files/qlrm/e03f1617f3978b3a1906f96e92317514eef243ff/original-without-dependencies/merge/qlrm-1.6.5-SNAPSHOT.jar,118
263,3,2,3,1,True,True,/home/miningframework/output/files/overture/183044a608970fa550c097fdd98216a182cc895d/original-without-dependencies/merge/Overture-2.6.5-SNAPSHOT.jar,119
264,2,2,2,0,True,True,/home/miningframework/output/files/pebble/aa932204dedbe24bdefeb75593385eb0c091e7f7/original-without-dependencies/merge/pebble-3.0.0-SNAPSHOT.jar,120
265,1,1,1,0,True,True,/home/miningframework/output/files/pebble/aa932204dedbe24bdefeb75593385eb0c091e7f7/original-without-dependencies/merge/pebble-3.0.0-SNAPSHOT.jar,120
266,2,2,2,0,True,True,/home/miningframework/output/files/pebble/aa932204dedbe24bdefeb75593385eb0c091e7f7/original-without-dependencies/merge/pebble-3.0.0-SNAPSHOT.jar,120
267,6,8,8,2,True,True,/home/miningframework/output/files/pebble/b092f5eee672fdf7f8100336b35e37a9876f6f72/original-without-dependencies/merge/pebble-3.0.0-SNAPSHOT.jar,121
268,3,6,6,3,True,True,/home/miningframework/output/files/pebble/b092f5eee672fdf7f8100336b35e37a9876f6f72/original-without-dependencies/merge/pebble-3.0.0-SNAPSHOT.jar,121
269,2,2,2,0,True,True,/home/miningframework/output/files/pebble/c8c30f79bfa1849d04e41ed14402ddc2f2746fe9/original-without-dependencies/merge/pebble-3.0.0-SNAPSHOT.jar,122
270,2,2,2,0,True,True,/home/miningframework/output/files/pebble/c8c30f79bfa1849d04e41ed14402ddc2f2746fe9/original-without-dependencies/merge/pebble-3.0.0-SNAPSHOT.jar,122
271,2,2,2,0,True,True,/home/miningframework/output/files/pebble/a0e7bc09e4cfff141e0e05d2e788b07919b78995/original-without-dependencies/merge/pebble-3.0.0-SNAPSHOT.jar,123
272,1,1,1,0,True,True,/home/miningframework/output/files/elasticsearch-analysis-morfologik/6024cb183c93a9bcde34205c97b4a1dfb3694ac5/original-without-dependencies/merge/original-elasticsearch-analysis-morfologik-2.1.jar,124
273,1,1,1,0,True,True,/home/miningframework/output/files/elasticsearch-analysis-morfologik/6024cb183c93a9bcde34205c97b4a1dfb3694ac5/original-without-dependencies/merge/original-elasticsearch-analysis-morfologik-2.1.jar,124
274,3,3,3,0,True,True,/home/miningframework/output/files/openpnp/f1d9c747ac3d7f0376b56e1c81f4da617f396e98/original-without-dependencies/merge/openpnp-gui-0.0.1-alpha-SNAPSHOT.jar,125
275,1,1,1,0,True,True,/home/miningframework/output/files/openpnp/f1d9c747ac3d7f0376b56e1c81f4da617f396e98/original-without-dependencies/merge/openpnp-gui-0.0.1-alpha-SNAPSHOT.jar,125
276,4,4,4,0,True,True,/home/miningframework/output/files/openpnp/f1d9c747ac3d7f0376b56e1c81f4da617f396e98/original-without-dependencies/merge/openpnp-gui-0.0.1-alpha-SNAPSHOT.jar,125
277,4,4,4,0,True,True,/home/miningframework/output/files/openpnp/f1d9c747ac3d7f0376b56e1c81f4da617f396e98/original-without-dependencies/merge/openpnp-gui-0.0.1-alpha-SNAPSHOT.jar,125
278,3,3,3,0,True,True,/home/miningframework/output/files/openpnp/db3203525ab5fe997c4cf7f90dce74d9d5c74943/original-without-dependencies/merge/openpnp-gui-0.0.1-alpha-SNAPSHOT.jar,126
279,5,5,5,0,True,True,/home/miningframework/output/files/openpnp/db3203525ab5fe997c4cf7f90dce74d9d5c74943/original-without-dependencies/merge/openpnp-gui-0.0.1-alpha-SNAPSHOT.jar,126
280,2,2,2,0,True,True,/home/miningframework/output/files/openpnp/db3203525ab5fe997c4cf7f90dce74d9d5c74943/original-without-dependencies/merge/openpnp-gui-0.0.1-alpha-SNAPSHOT.jar,126
281,5,8,8,3,False,False,/home/miningframework/output/files/openpnp/d1778a6820a095395d408955ba274ebdefe546e2/original-without-dependencies/merge/openpnp-gui-0.0.1-alpha-SNAPSHOT.jar,127
282,1,1,1,0,True,True,/home/miningframework/output/files/ohc/cf706bb89ebae023432c2bbd949266bfd68401e8/original-without-dependencies/merge/ohc-core-0.6.0.jar,128
283,1,1,1,0,True,True,/home/miningframework/output/files/jbox2d/6c7d53a0ccf1fe88f0cd1debaf7389b52810e14d/original-without-dependencies/merge/jbox2d-library-2.2.1.2-SNAPSHOT.jar,129
284,1,1,1,0,True,True,/home/miningframework/output/files/jbox2d/6c7d53a0ccf1fe88f0cd1debaf7389b52810e14d/original-without-dependencies/merge/jbox2d-library-2.2.1.2-SNAPSHOT.jar,129
285,1,1,1,0,True,True,/home/miningframework/output/files/jbox2d/6c7d53a0ccf1fe88f0cd1debaf7389b52810e14d/original-without-dependencies/merge/jbox2d-library-2.2.1.2-SNAPSHOT.jar,129
286,3,3,3,0,True,True,/home/miningframework/output/files/jcabi-github/70a85681b5440ecdadd24e346039ddebc81e965d/original-without-dependencies/merge/jcabi-github-1.0-SNAPSHOT.jar,130
287,2,2,2,0,True,True,/home/miningframework/output/files/jcabi-github/70a85681b5440ecdadd24e346039ddebc81e965d/original-without-dependencies/merge/jcabi-github-1.0-SNAPSHOT.jar,130
288,1,1,1,0,True,True,/home/miningframework/output/files/jcabi-github/70a85681b5440ecdadd24e346039ddebc81e965d/original-without-dependencies/merge/jcabi-github-1.0-SNAPSHOT.jar,130
289,1,1,1,0,True,True,/home/miningframework/output/files/jcabi-github/70a85681b5440ecdadd24e346039ddebc81e965d/original-without-dependencies/merge/jcabi-github-1.0-SNAPSHOT.jar,130
290,1,1,1,0,True,True,/home/miningframework/output/files/jcabi-github/70a85681b5440ecdadd24e346039ddebc81e965d/original-without-dependencies/merge/jcabi-github-1.0-SNAPSHOT.jar,130
291,1,1,1,0,True,True,/home/miningframework/output/files/jcabi-github/70a85681b5440ecdadd24e346039ddebc81e965d/original-without-dependencies/merge/jcabi-github-1.0-SNAPSHOT.jar,130
292,3,3,3,0,True,True,/home/miningframework/output/files/jcabi-github/70a85681b5440ecdadd24e346039ddebc81e965d/original-without-dependencies/merge/jcabi-github-1.0-SNAPSHOT.jar,130
293,3,3,3,0,True,True,/home/miningframework/output/files/couchdb-lucene/a26642d5ab84f52d51eca92ce9ee594420eb719e/original-without-dependencies/merge/couchdb-lucene-0.6-SNAPSHOT.jar,131
294,1,1,1,0,True,True,/home/miningframework/output/files/couchdb-lucene/a26642d5ab84f52d51eca92ce9ee594420eb719e/original-without-dependencies/merge/couchdb-lucene-0.6-SNAPSHOT.jar,131
295,2,2,2,0,True,True,/home/miningframework/output/files/couchdb-lucene/a26642d5ab84f52d51eca92ce9ee594420eb719e/original-without-dependencies/merge/couchdb-lucene-0.6-SNAPSHOT.jar,132
296,4,4,4,0,True,True,/home/miningframework/output/files/couchdb-lucene/a26642d5ab84f52d51eca92ce9ee594420eb719e/original-without-dependencies/merge/couchdb-lucene-0.6-SNAPSHOT.jar,132
297,1,1,1,0,True,True,/home/miningframework/output/files/couchdb-lucene/a26642d5ab84f52d51eca92ce9ee594420eb719e/original-without-dependencies/merge/couchdb-lucene-0.6-SNAPSHOT.jar,132
298,1,1,1,0,True,True,/home/miningframework/output/files/couchdb-lucene/a26642d5ab84f52d51eca92ce9ee594420eb719e/original-without-dependencies/merge/couchdb-lucene-0.6-SNAPSHOT.jar,132
299,1,1,1,0,True,True,/home/miningframework/output/files/couchdb-lucene/a26642d5ab84f52d51eca92ce9ee594420eb719e/original-without-dependencies/merge/couchdb-lucene-0.6-SNAPSHOT.jar,132
300,1,1,1,0,True,True,/home/miningframework/output/files/jcabi-github/b753098546c4fce159d88e863277216c3ec2e845/original-without-dependencies/merge/jcabi-github-1.0-SNAPSHOT.jar,133
301,1,1,1,0,True,True,/home/miningframework/output/files/atom-hopper/5addacd45fc6c2c434d877a5a15f78af9c7674be/original-without-dependencies/merge/ah-jetty-server-0.9.6-SNAPSHOT.jar,134
302,1,1,1,0,True,True,/home/miningframework/output/files/atom-hopper/5addacd45fc6c2c434d877a5a15f78af9c7674be/original-without-dependencies/merge/ah-jetty-server-0.9.6-SNAPSHOT.jar,134
303,5,5,5,0,True,True,/home/miningframework/output/files/atom-hopper/5addacd45fc6c2c434d877a5a15f78af9c7674be/original-without-dependencies/merge/ah-jetty-server-0.9.6-SNAPSHOT.jar,134
304,1,3,3,2,True,False,/home/miningframework/output/files/galen/ac103adc6ff68969627d7df20590a8177c24af19/original-without-dependencies/merge/galen-1.0.5-SNAPSHOT.jar,135
305,1,3,3,2,True,False,/home/miningframework/output/files/galen/ac103adc6ff68969627d7df20590a8177c24af19/original-without-dependencies/merge/galen-1.0.5-SNAPSHOT.jar,136
306,3,3,3,0,True,True,/home/miningframework/output/files/garbagecat/4af1d9c4fc71246add443b99af9cc47e5464aa89/original-without-dependencies/merge/garbagecat-2.0.1.jar,137
307,1,1,1,0,True,True,/home/miningframework/output/files/hdfs2cass/d9ccc2bac7fe1bbb5a690b6a95ab80eac4e0fa36/original-without-dependencies/merge/spotify-hdfs2cass-2.5.jar,138
308,1,1,1,0,True,True,/home/miningframework/output/files/gelfj/f57a572d8c372b60afde1f1f300fdb93e3d1a194/original-without-dependencies/merge/gelfj-1.0.jar,139
309,1,1,1,0,True,True,/home/miningframework/output/files/nailgun/7f1e1bc712bec6ad375f7d0e6cdc46323126b448/original-without-dependencies/merge/nailgun-server-0.9.2-SNAPSHOT.jar,140
310,4,4,4,0,True,True,/home/miningframework/output/files/aeolus/85127f4c5b94cc63493a78baf3bcb0f703a4bca5/original-without-dependencies/merge/lrb-1.0-SNAPSHOT-jar-with-utils.jar,141
311,1,1,1,0,True,True,/home/miningframework/output/files/aeolus/85127f4c5b94cc63493a78baf3bcb0f703a4bca5/original-without-dependencies/merge/lrb-1.0-SNAPSHOT-jar-with-utils.jar,141
312,1,1,1,0,True,True,/home/miningframework/output/files/aeolus/85127f4c5b94cc63493a78baf3bcb0f703a4bca5/original-without-dependencies/merge/lrb-1.0-SNAPSHOT-jar-with-utils.jar,141
313,1,1,1,0,True,True,/home/miningframework/output/files/aeolus/85127f4c5b94cc63493a78baf3bcb0f703a4bca5/original-without-dependencies/merge/lrb-1.0-SNAPSHOT-jar-with-utils.jar,141
314,1,1,1,0,True,True,/home/miningframework/output/files/aeolus/85127f4c5b94cc63493a78baf3bcb0f703a4bca5/original-without-dependencies/merge/lrb-1.0-SNAPSHOT-jar-with-utils.jar,141
315,1,1,1,0,True,True,/home/miningframework/output/files/aeolus/85127f4c5b94cc63493a78baf3bcb0f703a4bca5/original-without-dependencies/merge/lrb-1.0-SNAPSHOT-jar-with-utils.jar,141
316,5,5,5,0,True,True,/home/miningframework/output/files/aeolus/85127f4c5b94cc63493a78baf3bcb0f703a4bca5/original-without-dependencies/merge/lrb-1.0-SNAPSHOT-jar-with-utils.jar,141
317,1,1,1,0,True,True,/home/miningframework/output/files/aeolus/85127f4c5b94cc63493a78baf3bcb0f703a4bca5/original-without-dependencies/merge/lrb-1.0-SNAPSHOT-jar-with-utils.jar,141
318,1,1,1,0,True,True,/home/miningframework/output/files/aeolus/85127f4c5b94cc63493a78baf3bcb0f703a4bca5/original-without-dependencies/merge/lrb-1.0-SNAPSHOT-jar-with-utils.jar,141
319,3,3,3,0,True,True,/home/miningframework/output/files/aeolus/85127f4c5b94cc63493a78baf3bcb0f703a4bca5/original-without-dependencies/merge/lrb-1.0-SNAPSHOT-jar-with-utils.jar,141
320,1,1,1,0,True,True,/home/miningframework/output/files/aeolus/85127f4c5b94cc63493a78baf3bcb0f703a4bca5/original-without-dependencies/merge/lrb-1.0-SNAPSHOT-jar-with-utils.jar,141
321,2,2,2,0,True,True,/home/miningframework/output/files/aeolus/85127f4c5b94cc63493a78baf3bcb0f703a4bca5/original-without-dependencies/merge/lrb-1.0-SNAPSHOT-jar-with-utils.jar,141
322,1,1,1,0,True,True,/home/miningframework/output/files/aeolus/85127f4c5b94cc63493a78baf3bcb0f703a4bca5/original-without-dependencies/merge/lrb-1.0-SNAPSHOT-jar-with-utils.jar,141
323,1,1,1,0,True,True,/home/miningframework/output/files/aeolus/85127f4c5b94cc63493a78baf3bcb0f703a4bca5/original-without-dependencies/merge/lrb-1.0-SNAPSHOT-jar-with-utils.jar,141
324,1,1,1,0,True,True,/home/miningframework/output/files/aeolus/85127f4c5b94cc63493a78baf3bcb0f703a4bca5/original-without-dependencies/merge/lrb-1.0-SNAPSHOT-jar-with-utils.jar,141
325,1,1,1,0,True,True,/home/miningframework/output/files/aeolus/85127f4c5b94cc63493a78baf3bcb0f703a4bca5/original-without-dependencies/merge/lrb-1.0-SNAPSHOT-jar-with-utils.jar,141
326,6,6,6,0,True,True,/home/miningframework/output/files/config-magic/a7953193ae2e296565ecee2809830b5abb3a3bb7/original-without-dependencies/merge/config-magic-0.14-SNAPSHOT.jar,142
327,2,2,2,0,True,True,/home/miningframework/output/files/config-magic/a7953193ae2e296565ecee2809830b5abb3a3bb7/original-without-dependencies/merge/config-magic-0.14-SNAPSHOT.jar,142
328,6,6,6,0,True,True,/home/miningframework/output/files/config-magic/a7953193ae2e296565ecee2809830b5abb3a3bb7/original-without-dependencies/merge/config-magic-0.14-SNAPSHOT.jar,143
329,2,2,2,0,True,True,/home/miningframework/output/files/jdbi3/9f40c034b7d4b1a262f723ec81a630d1ebeb31bd/original-without-dependencies/merge/jdbi3-0.1-SNAPSHOT.jar,144
330,6,6,6,0,True,True,/home/miningframework/output/files/apgdiff/6184333a9bab436893e9d501b6cdba86b0c4b0c8/original-without-dependencies/merge/apgdiff-2.6.0.jar,145
331,4,5,5,1,True,True,/home/miningframework/output/files/apgdiff/f8a63c5f0ad47c6bbb48220fffad3a1d0889bb3b/original-without-dependencies/merge/apgdiff-2.4.1-SNAPSHOT.jar,146
332,3,3,3,0,True,True,/home/miningframework/output/files/apgdiff/b7a925d5cb97bb0f5bf28e432599e28ff5d18d8a/original-without-dependencies/merge/apgdiff-2.4.1-SNAPSHOT.jar,147
333,2,2,2,0,True,True,/home/miningframework/output/files/apgdiff/b7a925d5cb97bb0f5bf28e432599e28ff5d18d8a/original-without-dependencies/merge/apgdiff-2.4.1-SNAPSHOT.jar,147
334,5,5,5,0,True,True,/home/miningframework/output/files/apgdiff/f5411ae844bff589367f10ab780062ef97dd8ca5/original-without-dependencies/merge/apgdiff-2.3-SNAPSHOT.jar,148
335,4,6,6,2,True,True,/home/miningframework/output/files/apgdiff/f5411ae844bff589367f10ab780062ef97dd8ca5/original-without-dependencies/merge/apgdiff-2.3-SNAPSHOT.jar,148
336,2,2,2,0,True,True,/home/miningframework/output/files/apgdiff/bae5ff1ab1298dcf57b4b691e2cfbe6498201d05/original-without-dependencies/merge/apgdiff-2.3-SNAPSHOT.jar,149
337,2,2,2,0,True,True,/home/miningframework/output/files/apgdiff/bae5ff1ab1298dcf57b4b691e2cfbe6498201d05/original-without-dependencies/merge/apgdiff-2.3-SNAPSHOT.jar,149
338,2,5,5,3,True,True,/home/miningframework/output/files/apgdiff/969537124e1b37732eb6bf02926238ec18dc7c3e/original-without-dependencies/merge/apgdiff-2.3-SNAPSHOT.jar,150
339,3,3,3,0,True,True,/home/miningframework/output/files/swagger-parser/3313d11137f5707d9273dffa1ab23a77f4ef1a96/original-without-dependencies/merge/swagger-parser-v3-2.0.24-SNAPSHOT.jar,151
340,1,1,1,0,True,True,/home/miningframework/output/files/swagger-parser/3b00f2990dbc8aa4f4bddeac1926c18f943dcec4/original-without-dependencies/merge/swagger-parser-v3-2.0.13-SNAPSHOT.jar,152
341,4,4,4,0,True,True,/home/miningframework/output/files/swagger-parser/3b00f2990dbc8aa4f4bddeac1926c18f943dcec4/original-without-dependencies/merge/swagger-parser-v3-2.0.13-SNAPSHOT.jar,152
342,7,7,7,0,True,True,/home/miningframework/output/files/swagger-parser/3b00f2990dbc8aa4f4bddeac1926c18f943dcec4/original-without-dependencies/merge/swagger-parser-v3-2.0.13-SNAPSHOT.jar,152
343,1,1,1,0,True,True,/home/miningframework/output/files/swagger-parser/ab229821bf4d0e9ff33692ca8dd67794dbe95d88/original-without-dependencies/merge/swagger-parser-v2-converter-2.0.2-SNAPSHOT.jar,153
344,1,1,1,0,True,True,/home/miningframework/output/files/swagger-parser/9bd3910e741bbf9612deed248dfe61c51afa41b6/original-without-dependencies/merge/swagger-parser-1.0.23-SNAPSHOT.jar,154
345,1,1,1,0,True,True,/home/miningframework/output/files/swagger-parser/9bd3910e741bbf9612deed248dfe61c51afa41b6/original-without-dependencies/merge/swagger-parser-1.0.23-SNAPSHOT.jar,154
346,1,1,1,0,True,True,/home/miningframework/output/files/swagger-parser/9bd3910e741bbf9612deed248dfe61c51afa41b6/original-without-dependencies/merge/swagger-parser-1.0.23-SNAPSHOT.jar,154
347,1,1,1,0,True,True,/home/miningframework/output/files/swagger-parser/9bd3910e741bbf9612deed248dfe61c51afa41b6/original-without-dependencies/merge/swagger-parser-1.0.23-SNAPSHOT.jar,154
348,1,1,1,0,True,True,/home/miningframework/output/files/swagger-parser/9bd3910e741bbf9612deed248dfe61c51afa41b6/original-without-dependencies/merge/swagger-parser-1.0.23-SNAPSHOT.jar,154
349,1,1,1,0,True,True,/home/miningframework/output/files/gs-core/99ccebee6bc0cef9bd01204a5334ddcccfbb4d16/original-without-dependencies/merge/gs-core-2.0.0-SNAPSHOT.jar,155
350,1,1,1,0,True,True,/home/miningframework/output/files/gs-core/99ccebee6bc0cef9bd01204a5334ddcccfbb4d16/original-without-dependencies/merge/gs-core-2.0.0-SNAPSHOT.jar,156
351,1,1,1,0,True,True,/home/miningframework/output/files/gs-core/99ccebee6bc0cef9bd01204a5334ddcccfbb4d16/original-without-dependencies/merge/gs-core-2.0.0-SNAPSHOT.jar,156
352,7,3,7,4,True,True,/home/miningframework/output/files/jsonld-java/67ce1f47c7e559fb636cf7c5a1cd2d5950990156/original-without-dependencies/merge/jsonld-java-0.11.0-SNAPSHOT.jar,157
353,2,2,2,0,True,False,/home/miningframework/output/files/omnisecurity/709bf9a6157b4b5ff8defca103c94811a87c0c04/original-without-dependencies/merge/omnifaces-security-0.1-SNAPSHOT.jar,158
354,2,2,2,0,True,True,/home/miningframework/output/files/firefly/7c207900f6cb1bb9eca2ab0d127b42442231b0fd/original-without-dependencies/merge/firefly-nettool.jar,159
355,2,2,2,0,True,True,/home/miningframework/output/files/firefly/7c207900f6cb1bb9eca2ab0d127b42442231b0fd/original-without-dependencies/merge/firefly-nettool.jar,159
356,1,1,1,0,True,True,/home/miningframework/output/files/schema-repo/f85f90da3d8305f4cd40870cf736123b49ae379f/original-without-dependencies/merge/schema-repo-server-0.1.2-SNAPSHOT.jar,160
357,1,1,1,0,True,True,/home/miningframework/output/files/schema-repo/f85f90da3d8305f4cd40870cf736123b49ae379f/original-without-dependencies/merge/schema-repo-server-0.1.2-SNAPSHOT.jar,160
358,1,1,1,0,True,True,/home/miningframework/output/files/schema-repo/f85f90da3d8305f4cd40870cf736123b49ae379f/original-without-dependencies/merge/schema-repo-server-0.1.2-SNAPSHOT.jar,160
359,2,2,2,0,True,True,/home/miningframework/output/files/schema-repo/f85f90da3d8305f4cd40870cf736123b49ae379f/original-without-dependencies/merge/schema-repo-server-0.1.2-SNAPSHOT.jar,160
360,1,1,1,0,True,True,/home/miningframework/output/files/xdi2/eb0bebb706227aea2ddd7fbdb01fd0d5d7c77038/original-without-dependencies/merge/xdi2-core-0.7-SNAPSHOT.jar,161
361,7,1,7,6,True,True,/home/miningframework/output/files/jgrapht/f1961d7d4809ba4ac3dc8ab59f88d269d1ebdec0/original-without-dependencies/merge/jgrapht-io-1.1.1-SNAPSHOT-uber.jar,162
362,1,1,1,0,True,True,/home/miningframework/output/files/ob1k/821f116c59b62c50d5f7fc3a99edcb5a83b02f56/original-without-dependencies/merge/ob1k-consul-0.145-SNAPSHOT.jar,163
363,6,6,6,0,True,True,/home/miningframework/output/files/fastweixin/0519f3179f85a6f22a87251442e898f49ad53d7c/original-without-dependencies/merge/fastweixin.jar,164
364,4,4,4,0,True,True,/home/miningframework/output/files/fastweixin/0519f3179f85a6f22a87251442e898f49ad53d7c/original-without-dependencies/merge/fastweixin.jar,164
365,5,5,5,0,True,True,/home/miningframework/output/files/fastweixin/53b5138ff7f9f52933a2c6b0c0d2cb102f503b68/original-without-dependencies/merge/fastweixin.jar,165
366,6,8,8,2,True,True,/home/miningframework/output/files/fastweixin/53b5138ff7f9f52933a2c6b0c0d2cb102f503b68/original-without-dependencies/merge/fastweixin.jar,165
367,3,3,3,0,True,True,/home/miningframework/output/files/splunk-library-javalogging/f80bc59f417077de739ae23c10be9b1658219bed/original-without-dependencies/merge/splunk-library-javalogging-1.8.0.jar,166
368,3,3,3,0,True,True,/home/miningframework/output/files/assertj-assertions-generator/e9c59be58d0f5f8598375f4031f5f06ac0f1cdcc/original-without-dependencies/merge/assertion-generator.jar,167
369,1,1,1,0,True,True,/home/miningframework/output/files/assertj-assertions-generator/90ea9aa591a04829f67fe32d1f2f97fa3ca20064/original-without-dependencies/merge/assertion-generator.jar,168
370,5,5,5,0,True,True,/home/miningframework/output/files/assertj-assertions-generator/90ea9aa591a04829f67fe32d1f2f97fa3ca20064/original-without-dependencies/merge/assertion-generator.jar,169
