project;class;method;merge commit;OA Inter;Time
antlr4;org.antlr.v4.codegen.target.Python2Target;python2Keywords;69ff2669eec265e25721dbc27cb00f6c381d0b41;false;16.75600
antlr4;org.antlr.v4.codegen.target.Python3Target;python3Keywords;69ff2669eec265e25721dbc27cb00f6c381d0b41;false;15.18200
druid;com.metamx.druid.loading.S3SegmentPusher;push(File, DataSegment);05168808c278c080c59c19e858d9471b316cd1f5;false;1.92300
netty;org.jboss.netty.handler.codec.frame.LengthFieldBasedFrameDecoder;decode(ChannelHandlerContext, Channel, ChannelBuffer);193acdb36cd3da9bfc62dd69c4208dff3f0a2b1b;false;2.25000
OpenTripPlanner;org.opentripplanner.routing.spt.MultiShortestPathTree;dominates(State, State);4c506dce43775704919d084f0acfba86d251bf4a;false;4.29900
webbit;org.webbitserver.netty.WebSocketClient;adjustPipelineToWebSocket(ChannelHandlerContext, MessageEvent, ChannelHandler, ChannelHandler);74d2d2b87704d003acacb34e4ca8fb5f897b938f;false;2.85400
resty-gwt;org.fusesource.restygwt.rebind.DirectRestServiceInterfaceClassCreator;getMethodCallback(JMethod);867b917c43c32acbdcac55767e7f04334006c866;true;3.61400
storm;org.apache.storm.kafka.spout.KafkaSpout;open(Map, TopologyContext, SpoutOutputCollector);ad2be678831b3b060229fd936e3908110162b7ac;false;2.40400
storm;org.apache.storm.kafka.spout.KafkaSpoutConfig;KafkaSpoutConfig(Builder<K,V>);ad2be678831b3b060229fd936e3908110162b7ac;false;2.33300
storm;org.apache.storm.kafka.spout.KafkaSpoutConfig;toString();ad2be678831b3b060229fd936e3908110162b7ac;false;2.45100
storm;org.apache.storm.kafka.spout.KafkaSpout;emitTupleIfNotEmitted(ConsumerRecord<K,V>);bd1f5c54752f67b484a83c26667331234234d3a3;false;2.25900
swagger-maven-plugin;com.github.kongchen.swagger.docgen.reader.AbstractReader;hasValidAnnotations(List<Annotation>);e825a7fdc6ef688f1253b93d2cb236e710acfc56;false;2.75400
jsoup;org.jsoup.helper.HttpConnection;execute(Connection.Request, Response);a8b6982de98ff76ef254031d7152fff57f6bf941;false;5.25400
jsoup;org.jsoup.helper.HttpConnection;createConnection(Connection.Request);fee4762322f85a1109edd75ccb67f38cf5008c80;false;2.98200
jsoup;org.jsoup.helper.HttpConnection;execute(Connection.Request, Response);3f7d2c71dbbbb289c684f339874eed8ac2747fa0;false;4.40700
jsoup;org.jsoup.nodes.TextNode;outerHtmlHead(StringBuilder, int, Document.OutputSettings);a44e18aa3c1fcd25a68a5965f9490d8f7d026509;false;4.20200
retrofit;retrofit.RestAdapter;logAndReplaceResponse(String, Response, long);2b6c719c6645f8e48dca6d0047c752069d321bc4;false;2.68900
retrofit;retrofit.RestAdapter;logAndReplaceRequest(Request);2b6c719c6645f8e48dca6d0047c752069d321bc4;false;2.24400
retrofit;retrofit.RequestBuilder;build();71f622ce51031b152a0be6ad5facfb27a654bf5a;false;2.18700
activiti;org.activiti.engine.impl.persistence.entity.DeploymentEntityManager;deleteDeployment(String, boolean);50d8e43eb5917c63abfbcdec1e68e510943f325a;false;14.69800
activiti;org.activiti.engine.impl.bpmn.behavior.UserTaskActivityBehavior;execute(ActivityExecution);bf46684ba62f5883673ea8fb0a14aecfe0aedea2;false;40.63600
okhttp;com.squareup.okhttp.internal.bytes.GzipSource;consumeHeader(Deadline);1151c9853ccc3c9c3211c613b9b845b925f8c6a6;false;5.96300
okhttp;com.squareup.okhttp.OkHttpClient;copyWithDefaults();35166168529bd27281685e56a0a122eff44460e9;false;0.00200
HikariCP;com.zaxxer.hikari.HikariConfig;validate();1bca94af9ec625f21d1b58ff10efb5be71ab87a6;false;2.55000
HikariCP;com.zaxxer.hikari.HikariPool;addConnection();1bca94af9ec625f21d1b58ff10efb5be71ab87a6;true;2.10300
pushy;com.relayrides.pushy.apns.PushManager;handleConnectionFailure(ApnsConnection<T>, Throwable);58901c846e4f0874977c5aabbc34bcb4de3670e0;false;2.37000
pushy;com.relayrides.pushy.apns.PushManager;handleConnectionClosure(ApnsConnection<T>);58901c846e4f0874977c5aabbc34bcb4de3670e0;false;2.54800
java-faker;com.github.javafaker.Faker;Faker(Locale, Random);ca42fcfaf45cae1754c58e02e1d5d2a58ec03561;false;2.22800
swagger-core;io.swagger.jaxrs2.OperationParser;getSchemaFromAnnotation(io.swagger.oas.annotations.media.Schema);e7fea7c4889dbdd6a4e0b2d059c8aa0f126ab1c2;false;2.41400
cucumber-jvm;cuke4duke.internal.java.JavaLanguage;load(String);4505c156b6267c1b760deec570ddbfe047b42aa9;false;1.81300
dropwizard;io.dropwizard.setup.Bootstrap;Bootstrap(Application<T>);ddd15a681bf42360337844412cae4aba1556eb88;false;1.72000
jenkins;jenkins.slaves.DefaultJnlpSlaveReceiver;handle(String, JnlpSlaveHandshake);48b2b951dfb3438999ceda330093cac82b857ce6;false;10.31700
logback;ch.qos.logback.core.rolling.TimeBasedFileNamingAndTriggeringPolicyBase;start();542843fd04a793fb9e0eea0c84d199e66d7c15af;false;4.54100
orientdb;com.orientechnologies.orient.core.Orient;startup();a5ce3bcc0a1d196745c575ad6602019f7a6b86f8;false;23.46200
SimianArmy;com.netflix.simianarmy.basic.janitor.BasicJanitorMonkeyContext;getInstanceJanitor();345ad9513aafff397050d613fa87ad06ddffe99d;false;1.70900
SimianArmy;com.netflix.simianarmy.basic.BasicSimianArmyContext;BasicSimianArmyContext(String);c39c19bc6b9231601f6bc7358e638a99adf37e0d;false;2.22100
alluxio;tachyon.hadoop.HdfsFileInputStream;HdfsFileInputStream(TachyonFS, int, Path, Configuration, int);dafe76c90024a915224264b4862b33f40cb8478c;timeout;1200.01000
voldemort;voldemort.VoldemortClientShell;VoldemortClientShell(ClientConfig, String, BufferedReader, PrintStream, PrintStream);b30fdfebe30c9b6e37b9fbc3fec0ff74cd19f997;timeout;1200.00500
voldemort;voldemort.server.VoldemortConfig;VoldemortConfig(Props);4cc1c145819030c8e2baffe4c92383de14b8d880;true;23.19800
libgdx;com.badlogic.gdx.backends.lwjgl3.Lwjgl3Application;newWindow(ApplicationListener, Lwjgl3WindowConfiguration);da27e2dae56be0a159e82231e5c3a5b83b099063;false;2.85600
libgdx;com.badlogic.gdx.backends.lwjgl3.Lwjgl3ApplicationConfiguration;copy(Lwjgl3ApplicationConfiguration);da27e2dae56be0a159e82231e5c3a5b83b099063;false;3.11900
RxJava;rx.internal.operators.OperatorMulticast;connect(Action1<?superSubscription>);a40a4130edcdadc2340da5787ca30353018173f2;true;10.48000
RxJava;rx.concurrency.TestScheduler;triggerActions(long);1c47b0cb26e6d971eefa42ebb3479099236b0125;false;4.93600
elasticsearch-river-mongodb;org.elasticsearch.river.mongodb.MongoDBRiverDefinition;parseSettings(String, String, RiverSettings, ScriptService);3d4f99516ba3177f7d88a1f600923138a8b77cc8;false;2.79300
elasticsearch-river-mongodb;org.elasticsearch.river.mongodb.Slurper;assignCollections();3d4f99516ba3177f7d88a1f600923138a8b77cc8;false;2.44200
elasticsearch-river-mongodb;org.elasticsearch.river.mongodb.MongoDBRiverDefinition;parseSettings(String, String, RiverSettings, ScriptService);6b6ce8e851c6613213c4508c3f277a80649e0c7b;false;2.74800
elasticsearch-river-mongodb;org.elasticsearch.river.mongodb.Indexer;applyAdvancedTransformation(QueueEntry, String);6b6ce8e851c6613213c4508c3f277a80649e0c7b;false;2.68800
elasticsearch-river-mongodb;org.elasticsearch.river.mongodb.Indexer;processBlockingQueue(QueueEntry);6b6ce8e851c6613213c4508c3f277a80649e0c7b;false;3.33900
elasticsearch-river-mongodb;org.elasticsearch.river.mongodb.Slurper;run();6b6ce8e851c6613213c4508c3f277a80649e0c7b;false;3.25000
elasticsearch-river-mongodb;org.elasticsearch.river.mongodb.Slurper;addToStream(Operation, Timestamp<?>, DBObject, String);6b6ce8e851c6613213c4508c3f277a80649e0c7b;false;2.46400
hector;me.prettyprint.cassandra.connection.client.HSaslThriftClient;open();0588608e7a2bdf974c985ff546207104f672bf6c;true;2.89500
hector;me.prettyprint.cassandra.connection.client.HKerberosThriftClient;open();a33a46506656a39d1b0f7780973905665d3b6145;false;2.72900
hector;me.prettyprint.cassandra.connection.client.HThriftClient;open();a33a46506656a39d1b0f7780973905665d3b6145;false;2.76600
hector;me.prettyprint.cassandra.connection.HConnectionManager;operateWithFailover(Operation<?>);213f7887ea70eabdf0705cf8454de29af89e8c38;false;2.87300
titan;com.thinkaurelius.titan.graphdb.database.serialize.SerializerInitialization;initialize(Serializer);387c16ea05ef9fa312f37139228d2bbf61455ff4;false;1.93900
titan;com.thinkaurelius.titan.graphdb.transaction.StandardTitanTx;StandardTitanTx(StandardTitanGraph, TransactionConfiguration, BackendTransaction);04edd7f0e7eab2e8255a497922e34dc707d84c19;false;2.30000
MPAndroidChart;com.xxmassdeveloper.mpchartexample.fragments.SimpleFragment;generateScatterData(int, float, int);af114d180da6ec5633d32c701ff5467f7629fcf3;false;3.61700
MPAndroidChart;com.xxmassdeveloper.mpchartexample.ScatterChartActivity;onProgressChanged(SeekBar, int, boolean);af114d180da6ec5633d32c701ff5467f7629fcf3;false;3.49900
MPAndroidChart;com.xxmassdeveloper.mpchartexample.ScatterChartActivity;onCreate(Bundle);af114d180da6ec5633d32c701ff5467f7629fcf3;false;3.52900
MPAndroidChart;com.xxmassdeveloper.mpchartexample.LineChartActivity2;onCreate(Bundle);9297923f09460d0484cd713b0abbeaea9b888ec0;false;3.39900
MPAndroidChart;com.xxmassdeveloper.mpchartexample.RadarChartActivitry;onCreate(Bundle);9297923f09460d0484cd713b0abbeaea9b888ec0;false;3.22400
MPAndroidChart;com.xxmassdeveloper.mpchartexample.StackedBarActivityNegative;onCreate(Bundle);9297923f09460d0484cd713b0abbeaea9b888ec0;false;3.37800
MPAndroidChart;com.xxmassdeveloper.mpchartexample.LineChartActivity1;onCreate(Bundle);9297923f09460d0484cd713b0abbeaea9b888ec0;false;3.41800
MPAndroidChart;com.github.mikephil.charting.renderer.LineChartRenderer;drawData(Canvas);9531ba69895cd64fce48038ffd8df2543eeea1d2;false;0.00100
MPAndroidChart;com.github.mikephil.charting.renderer.PieChartRenderer;drawData(Canvas);9531ba69895cd64fce48038ffd8df2543eeea1d2;false;4.55800
elasticsearch;org.elasticsearch.common.settings.IndexScopedSettings;BUILT_IN_INDEX_SETTINGS;d896886973660785aac45275ddb110c1a6babc57;false;15.12500
elasticsearch;org.elasticsearch.action.index.TransportIndexAction;executeIndexRequestOnPrimary(IndexRequest, IndexShard, MappingUpdatedAction);d896886973660785aac45275ddb110c1a6babc57;false;234.00300
elasticsearch;org.elasticsearch.action.support.replication.ReplicationOperationTests;testReplication();d896886973660785aac45275ddb110c1a6babc57;false;56.41700
elasticsearch;org.elasticsearch.index.IndexSettings;IndexSettings(IndexMetaData, Settings, Predicate<String>, IndexScopedSettings);d896886973660785aac45275ddb110c1a6babc57;timeout;1200.00700
elasticsearch;org.elasticsearch.action.bulk.TransportShardBulkAction;update(IndexMetaData, BulkShardRequest, IndexShard, long[], VersionType[], Translog.Location, int, BulkItemRequest);d896886973660785aac45275ddb110c1a6babc57;true;191.75000
elasticsearch;org.elasticsearch.action.support.replication.TransportReplicationAction;doRun();d896886973660785aac45275ddb110c1a6babc57;true;14.53000
elasticsearch;org.elasticsearch.action.support.replication.ReplicationOperation;execute();d896886973660785aac45275ddb110c1a6babc57;true;13.82400
elasticsearch;org.elasticsearch.index.engine.InternalEngineTests;testRecoverFromForeignTranslog();d896886973660785aac45275ddb110c1a6babc57;false;57.13500
elasticsearch;org.elasticsearch.index.engine.InternalEngine;InternalEngine(EngineConfig);d896886973660785aac45275ddb110c1a6babc57;false;88.16700
elasticsearch;org.elasticsearch.action.DocWriteResponse;writeTo(StreamOutput);d896886973660785aac45275ddb110c1a6babc57;false;13.22200
elasticsearch;org.elasticsearch.action.DocWriteResponse;readFrom(StreamInput);d896886973660785aac45275ddb110c1a6babc57;false;13.24400
elasticsearch;org.elasticsearch.action.DocWriteResponse;toXContent(XContentBuilder, Params);d896886973660785aac45275ddb110c1a6babc57;false;14.20900
elasticsearch;org.elasticsearch.cluster.metadata.MetaDataCreateIndexService;createIndex(CreateIndexClusterStateUpdateRequest, ActionListener<ClusterStateUpdateResponse>);d896886973660785aac45275ddb110c1a6babc57;timeout;1200.00600
elasticsearch;org.elasticsearch.action.update.TransportUpdateAction;shardOperation(UpdateRequest, ActionListener<UpdateResponse>, int);d896886973660785aac45275ddb110c1a6babc57;true;25.15400
elasticsearch;org.elasticsearch.action.delete.TransportDeleteAction;executeDeleteRequestOnPrimary(DeleteRequest, IndexShard);d896886973660785aac45275ddb110c1a6babc57;false;56.47600
elasticsearch;org.elasticsearch.rest.action.cat.RestNodesAction;getTableWithHeader(RestRequest);3764b3ff800c94293aba0bb0fa18c7df80a764f7;false;13.49200
elasticsearch;org.elasticsearch.rest.action.cat.RestIndicesAction;getTableWithHeader(RestRequest);3764b3ff800c94293aba0bb0fa18c7df80a764f7;false;14.01400
elasticsearch;org.elasticsearch.rest.action.cat.RestShardsAction;getTableWithHeader(RestRequest);3764b3ff800c94293aba0bb0fa18c7df80a764f7;false;14.47200
elasticsearch;org.elasticsearch.common.settings.ClusterSettings;BUILT_IN_CLUSTER_SETTINGS;0404db65e3497452886173957729c8e82cfd4a03;false;12.37100
elasticsearch;org.elasticsearch.test.ESSingleNodeTestCase;newNode();0404db65e3497452886173957729c8e82cfd4a03;true;5.28600
elasticsearch;org.elasticsearch.index.query.support.NestedInnerQueryParseSupport;setPathLevel();59cb67c7bd0ab6311115b20954e013412b676b29;false;8.00200
elasticsearch;org.elasticsearch.index.query.MultiMatchQueryBuilder;doXContent(XContentBuilder, Params);59cb67c7bd0ab6311115b20954e013412b676b29;false;8.48600
elasticsearch;org.elasticsearch.index.analysis.synonyms.SynonymsAnalysisTest;testSynonymsAnalysis();f3d63095dbcc985e24162fbac4ee0d6914dc757d;false;0.00100
elasticsearch;org.elasticsearch.index.analysis.commongrams.CommonGramsTokenFilterFactoryTests;testQueryModeCommonGramsAnalysis();f3d63095dbcc985e24162fbac4ee0d6914dc757d;false;0.00000
elasticsearch;org.elasticsearch.index.analysis.commongrams.CommonGramsTokenFilterFactoryTests;testCommonGramsAnalysis();f3d63095dbcc985e24162fbac4ee0d6914dc757d;false;0.00100
elasticsearch;org.elasticsearch.index.analysis.KuromojiAnalysisTests;createAnalysisService();f3d63095dbcc985e24162fbac4ee0d6914dc757d;false;0.00200
elasticsearch;org.elasticsearch.index.query.SimpleIndexQueryParserTests;setup();36884807b3cc9d660db4da062275c7fdbec8ba67;false;6.34400
fitnesse;fitnesse.testsystems.slim.tables.SlimTableFactoryTest;setUp();4d9ba9d221d879507440feb084fa7521b95111ec;false;5.98800
fitnesse;fitnesse.testsystems.slim.tables.SlimTableFactory;SlimTableFactory();4d9ba9d221d879507440feb084fa7521b95111ec;true;5.97600
cloud-slang;io.cloudslang.lang.api.SlangImpl;getAllEventTypes();20bac30d9bd76569aa6a4fa1e8261c1a9b5e6f76;false;1.58000
cloud-slang;io.cloudslang.lang.api.SlangImplTest;ALL_EVENTS_SIZE;20bac30d9bd76569aa6a4fa1e8261c1a9b5e6f76;false;1.62200
spring-boot;org.springframework.boot.jta.atomikos.AtomikosProperties;asProperties();6664ce19d6f2388ebd6cf54763f54fdddd226b9a;not-found;0.00500
spring-boot;org.springframework.boot.jta.atomikos.AtomikosPropertiesTests;testProperties();6664ce19d6f2388ebd6cf54763f54fdddd226b9a;not-found;0.00100
spring-boot;org.springframework.boot.jta.atomikos.AtomikosPropertiesTests;testDefaultProperties();6664ce19d6f2388ebd6cf54763f54fdddd226b9a;not-found;0.00000
spring-boot;org.springframework.boot.autoconfigure.mongo.MongoProperties;builder(MongoClientOptions);958a0a45f164601d01cb706c19f22ed3e25eff56;false;5.10100
spring-boot;org.springframework.boot.loader.archive.ExplodedArchiveTests;getUrl();af20dc6cc45c032573413c401f9f73aa75371744;false;0.00200
spring-boot;org.springframework.boot.loader.archive.ExplodedArchive;getUrl();af20dc6cc45c032573413c401f9f73aa75371744;false;0.00100
spring-boot;org.springframework.boot.autoconfigure.cache.RedisCacheConfiguration;cacheManager(RedisTemplate<Object,Object>);c93ea54ea3e08eaa2a17640d5d2b3e60264c1a9c;not-found;0.00200
spring-boot;org.springframework.boot.context.embedded.undertow.UndertowEmbeddedServletContainerFactory;createDeploymentManager(ServletContextInitializer);ea8107b6a53fa60b5f23b33e1b6d2e88bb60133c;false;2.65700
spring-boot;org.springframework.boot.context.web.SpringBootServletInitializer;createRootApplicationContext(ServletContext);3444ebbc05b99a164474c14d6a6784f749514428;false;3.93500
spring-boot;org.springframework.boot.context.web.SpringBootServletInitializer;createRootApplicationContext(ServletContext);074771ec125dd407af0282b92960e9e9e3377e84;true;3.78800
spring-boot;org.springframework.boot.autoconfigure.logging.AutoConfigurationReportLoggingInitializer;logAutoConfigurationReport(boolean);fdd3f12ee0f92ac18844c08bf71df39feebb6673;false;3.53400
spring-boot;org.springframework.boot.context.embedded.tomcat.TomcatEmbeddedServletContainerFactory;customizeConnector(Connector);2d4e68a9777601bfb8309c94d8b74bc21be80ad1;false;2.49700
quickml;quickdt.experiments.OutOfTimeCrossValidatorRunner;getRandomForestBuilder(int, int);bae968d9a85c0501ba8842a6f88e7fc2c6b78693;false;1.84600
vavr;javaslang.collection.HashSet;of(T);204635d9156b498079c2f34b821dca7ca1711ef6;not-found;0.00000
vavr;javaslang.collection.LinkedHashSet;of(T);204635d9156b498079c2f34b821dca7ca1711ef6;not-found;0.00000
vavr;javaslang.collection.CharSeq;of(char);204635d9156b498079c2f34b821dca7ca1711ef6;not-found;0.00000
vavr;javaslang.collection.Iterator;of(T);204635d9156b498079c2f34b821dca7ca1711ef6;not-found;0.00000
crawler4j;edu.uci.ics.crawler4j.parser.Parser;parse(Page, String);6fdb8f27b53c5d69b552341a459d0e1fa610f68d;false;0.00100
